--
-- PostgreSQL database dump
--

\restrict 8MGdC1BtgmC7IgwxHDtRLFTKU6DXGUcAIga9caff3TyViFF2YicXpnRpkENx6Iq

-- Dumped from database version 18.1
-- Dumped by pg_dump version 18.1

-- Started on 2026-01-21 20:54:43

SET statement_timeout = 0;
SET lock_timeout = 0;
SET idle_in_transaction_session_timeout = 0;
SET transaction_timeout = 0;
SET client_encoding = 'UTF8';
SET standard_conforming_strings = on;
SELECT pg_catalog.set_config('search_path', '', false);
SET check_function_bodies = false;
SET xmloption = content;
SET client_min_messages = warning;
SET row_security = off;

--
-- TOC entry 6 (class 2615 OID 16394)
-- Name: asistencia_sgfse; Type: SCHEMA; Schema: -; Owner: MauricioMC
--

CREATE SCHEMA asistencia_sgfse;


ALTER SCHEMA asistencia_sgfse OWNER TO "MauricioMC";

SET default_tablespace = '';

SET default_table_access_method = heap;

--
-- TOC entry 224 (class 1259 OID 16474)
-- Name: Alumnos; Type: TABLE; Schema: asistencia_sgfse; Owner: MauricioMC
--

CREATE TABLE asistencia_sgfse."Alumnos" (
    id_alumno integer NOT NULL,
    id_perfil integer,
    id_curso integer,
    fecha_nacimiento date NOT NULL,
    sexo character varying(10),
    direccion character varying(255),
    rut character varying(12)
);


ALTER TABLE asistencia_sgfse."Alumnos" OWNER TO "MauricioMC";

--
-- TOC entry 232 (class 1259 OID 16639)
-- Name: Alumnos_id_alumno_seq; Type: SEQUENCE; Schema: asistencia_sgfse; Owner: MauricioMC
--

ALTER TABLE asistencia_sgfse."Alumnos" ALTER COLUMN id_alumno ADD GENERATED BY DEFAULT AS IDENTITY (
    SEQUENCE NAME asistencia_sgfse."Alumnos_id_alumno_seq"
    START WITH 1
    INCREMENT BY 1
    NO MINVALUE
    NO MAXVALUE
    CACHE 1
);


--
-- TOC entry 239 (class 1259 OID 16712)
-- Name: Asistencia; Type: TABLE; Schema: asistencia_sgfse; Owner: MauricioMC
--

CREATE TABLE asistencia_sgfse."Asistencia" (
    id_asistencia integer NOT NULL,
    id_alumno integer NOT NULL,
    fecha date DEFAULT CURRENT_DATE NOT NULL,
    id_estado integer NOT NULL,
    observacion text,
    hora_entrada time without time zone,
    hora_salida time without time zone
);


ALTER TABLE asistencia_sgfse."Asistencia" OWNER TO "MauricioMC";

--
-- TOC entry 238 (class 1259 OID 16711)
-- Name: Asistencia_id_asistencia_seq; Type: SEQUENCE; Schema: asistencia_sgfse; Owner: MauricioMC
--

CREATE SEQUENCE asistencia_sgfse."Asistencia_id_asistencia_seq"
    AS integer
    START WITH 1
    INCREMENT BY 1
    NO MINVALUE
    NO MAXVALUE
    CACHE 1;


ALTER SEQUENCE asistencia_sgfse."Asistencia_id_asistencia_seq" OWNER TO "MauricioMC";

--
-- TOC entry 5020 (class 0 OID 0)
-- Dependencies: 238
-- Name: Asistencia_id_asistencia_seq; Type: SEQUENCE OWNED BY; Schema: asistencia_sgfse; Owner: MauricioMC
--

ALTER SEQUENCE asistencia_sgfse."Asistencia_id_asistencia_seq" OWNED BY asistencia_sgfse."Asistencia".id_asistencia;


--
-- TOC entry 221 (class 1259 OID 16426)
-- Name: Cursos; Type: TABLE; Schema: asistencia_sgfse; Owner: MauricioMC
--

CREATE TABLE asistencia_sgfse."Cursos" (
    id_curso integer NOT NULL,
    nombre_curso character varying(100) NOT NULL
);


ALTER TABLE asistencia_sgfse."Cursos" OWNER TO "MauricioMC";

--
-- TOC entry 233 (class 1259 OID 16652)
-- Name: Cursos_id_curso_seq; Type: SEQUENCE; Schema: asistencia_sgfse; Owner: MauricioMC
--

ALTER TABLE asistencia_sgfse."Cursos" ALTER COLUMN id_curso ADD GENERATED BY DEFAULT AS IDENTITY (
    SEQUENCE NAME asistencia_sgfse."Cursos_id_curso_seq"
    START WITH 1
    INCREMENT BY 1
    NO MINVALUE
    NO MAXVALUE
    CACHE 1
);


--
-- TOC entry 237 (class 1259 OID 16703)
-- Name: Estados_Asistencia; Type: TABLE; Schema: asistencia_sgfse; Owner: MauricioMC
--

CREATE TABLE asistencia_sgfse."Estados_Asistencia" (
    id_estado integer NOT NULL,
    nombre_estado character varying(50) NOT NULL
);


ALTER TABLE asistencia_sgfse."Estados_Asistencia" OWNER TO "MauricioMC";

--
-- TOC entry 236 (class 1259 OID 16702)
-- Name: Estados_Asistencia_id_estado_seq; Type: SEQUENCE; Schema: asistencia_sgfse; Owner: MauricioMC
--

CREATE SEQUENCE asistencia_sgfse."Estados_Asistencia_id_estado_seq"
    AS integer
    START WITH 1
    INCREMENT BY 1
    NO MINVALUE
    NO MAXVALUE
    CACHE 1;


ALTER SEQUENCE asistencia_sgfse."Estados_Asistencia_id_estado_seq" OWNER TO "MauricioMC";

--
-- TOC entry 5021 (class 0 OID 0)
-- Dependencies: 236
-- Name: Estados_Asistencia_id_estado_seq; Type: SEQUENCE OWNED BY; Schema: asistencia_sgfse; Owner: MauricioMC
--

ALTER SEQUENCE asistencia_sgfse."Estados_Asistencia_id_estado_seq" OWNED BY asistencia_sgfse."Estados_Asistencia".id_estado;


--
-- TOC entry 227 (class 1259 OID 16550)
-- Name: Eventos_Flujo; Type: TABLE; Schema: asistencia_sgfse; Owner: MauricioMC
--

CREATE TABLE asistencia_sgfse."Eventos_Flujo" (
    id_evento numeric(50,0) NOT NULL,
    id_alumno integer,
    tipo_evento character varying(100),
    fecha_hora timestamp with time zone DEFAULT now() NOT NULL
)
PARTITION BY RANGE (fecha_hora);


ALTER TABLE asistencia_sgfse."Eventos_Flujo" OWNER TO "MauricioMC";

--
-- TOC entry 223 (class 1259 OID 16446)
-- Name: Perfiles; Type: TABLE; Schema: asistencia_sgfse; Owner: MauricioMC
--

CREATE TABLE asistencia_sgfse."Perfiles" (
    id_perfil integer NOT NULL,
    id_usuario integer,
    nombre character varying(100) NOT NULL,
    apellido_paterno character varying(100) NOT NULL,
    apellido_materno character varying(100) NOT NULL
);


ALTER TABLE asistencia_sgfse."Perfiles" OWNER TO "MauricioMC";

--
-- TOC entry 231 (class 1259 OID 16618)
-- Name: Perfiles_id_perfil_seq; Type: SEQUENCE; Schema: asistencia_sgfse; Owner: MauricioMC
--

ALTER TABLE asistencia_sgfse."Perfiles" ALTER COLUMN id_perfil ADD GENERATED BY DEFAULT AS IDENTITY (
    SEQUENCE NAME asistencia_sgfse."Perfiles_id_perfil_seq"
    START WITH 1
    INCREMENT BY 1
    NO MINVALUE
    NO MAXVALUE
    CACHE 1
);


--
-- TOC entry 235 (class 1259 OID 16684)
-- Name: Relacion_Apoderado; Type: TABLE; Schema: asistencia_sgfse; Owner: postgres
--

CREATE TABLE asistencia_sgfse."Relacion_Apoderado" (
    id_relacion integer NOT NULL,
    id_usuario integer NOT NULL,
    id_alumno integer NOT NULL,
    parentesco character varying(50),
    telefono character varying(20),
    email_contacto character varying(100)
);


ALTER TABLE asistencia_sgfse."Relacion_Apoderado" OWNER TO postgres;

--
-- TOC entry 234 (class 1259 OID 16683)
-- Name: Relacion_Apoderado_id_relacion_seq; Type: SEQUENCE; Schema: asistencia_sgfse; Owner: postgres
--

ALTER TABLE asistencia_sgfse."Relacion_Apoderado" ALTER COLUMN id_relacion ADD GENERATED BY DEFAULT AS IDENTITY (
    SEQUENCE NAME asistencia_sgfse."Relacion_Apoderado_id_relacion_seq"
    START WITH 1
    INCREMENT BY 1
    NO MINVALUE
    NO MAXVALUE
    CACHE 1
);


--
-- TOC entry 220 (class 1259 OID 16419)
-- Name: Roles; Type: TABLE; Schema: asistencia_sgfse; Owner: MauricioMC
--

CREATE TABLE asistencia_sgfse."Roles" (
    id_rol integer NOT NULL,
    nombre_rol character varying(50) NOT NULL
);


ALTER TABLE asistencia_sgfse."Roles" OWNER TO "MauricioMC";

--
-- TOC entry 230 (class 1259 OID 16605)
-- Name: Roles_id_rol_seq; Type: SEQUENCE; Schema: asistencia_sgfse; Owner: MauricioMC
--

ALTER TABLE asistencia_sgfse."Roles" ALTER COLUMN id_rol ADD GENERATED BY DEFAULT AS IDENTITY (
    SEQUENCE NAME asistencia_sgfse."Roles_id_rol_seq"
    START WITH 1
    INCREMENT BY 1
    NO MINVALUE
    NO MAXVALUE
    CACHE 1
);


--
-- TOC entry 226 (class 1259 OID 16525)
-- Name: Solicitud_Ayuda; Type: TABLE; Schema: asistencia_sgfse; Owner: MauricioMC
--

CREATE TABLE asistencia_sgfse."Solicitud_Ayuda" (
    id_solicitud integer NOT NULL,
    id_usuario_apo integer,
    mensaje text,
    fecha_creacion date DEFAULT now(),
    estado character varying(20)
);


ALTER TABLE asistencia_sgfse."Solicitud_Ayuda" OWNER TO "MauricioMC";

--
-- TOC entry 225 (class 1259 OID 16524)
-- Name: Solicitud_Ayuda_id_solicitud_seq; Type: SEQUENCE; Schema: asistencia_sgfse; Owner: MauricioMC
--

CREATE SEQUENCE asistencia_sgfse."Solicitud_Ayuda_id_solicitud_seq"
    AS integer
    START WITH 1
    INCREMENT BY 1
    NO MINVALUE
    NO MAXVALUE
    CACHE 1;


ALTER SEQUENCE asistencia_sgfse."Solicitud_Ayuda_id_solicitud_seq" OWNER TO "MauricioMC";

--
-- TOC entry 5022 (class 0 OID 0)
-- Dependencies: 225
-- Name: Solicitud_Ayuda_id_solicitud_seq; Type: SEQUENCE OWNED BY; Schema: asistencia_sgfse; Owner: MauricioMC
--

ALTER SEQUENCE asistencia_sgfse."Solicitud_Ayuda_id_solicitud_seq" OWNED BY asistencia_sgfse."Solicitud_Ayuda".id_solicitud;


--
-- TOC entry 222 (class 1259 OID 16433)
-- Name: Usuarios; Type: TABLE; Schema: asistencia_sgfse; Owner: MauricioMC
--

CREATE TABLE asistencia_sgfse."Usuarios" (
    id_usuario integer NOT NULL,
    rut character varying(12) NOT NULL,
    password_hash character varying(255) NOT NULL,
    id_rol integer
);


ALTER TABLE asistencia_sgfse."Usuarios" OWNER TO "MauricioMC";

--
-- TOC entry 229 (class 1259 OID 16592)
-- Name: Usuarios_id_usuario_seq; Type: SEQUENCE; Schema: asistencia_sgfse; Owner: MauricioMC
--

ALTER TABLE asistencia_sgfse."Usuarios" ALTER COLUMN id_usuario ADD GENERATED BY DEFAULT AS IDENTITY (
    SEQUENCE NAME asistencia_sgfse."Usuarios_id_usuario_seq"
    START WITH 1
    INCREMENT BY 1
    NO MINVALUE
    NO MAXVALUE
    CACHE 1
);


--
-- TOC entry 228 (class 1259 OID 16563)
-- Name: eventos_flujo_enero_2026; Type: TABLE; Schema: asistencia_sgfse; Owner: postgres
--

CREATE TABLE asistencia_sgfse.eventos_flujo_enero_2026 (
    id_evento numeric(50,0) CONSTRAINT "Eventos_Flujo_id_evento_not_null" NOT NULL,
    id_alumno integer,
    tipo_evento character varying(100),
    fecha_hora timestamp with time zone DEFAULT now() CONSTRAINT "Eventos_Flujo_fecha_hora_not_null" NOT NULL
);


ALTER TABLE asistencia_sgfse.eventos_flujo_enero_2026 OWNER TO postgres;

--
-- TOC entry 4804 (class 0 OID 0)
-- Name: eventos_flujo_enero_2026; Type: TABLE ATTACH; Schema: asistencia_sgfse; Owner: postgres
--

ALTER TABLE ONLY asistencia_sgfse."Eventos_Flujo" ATTACH PARTITION asistencia_sgfse.eventos_flujo_enero_2026 FOR VALUES FROM ('2026-01-01 00:00:00-03') TO ('2026-02-01 00:00:00-03');


--
-- TOC entry 4810 (class 2604 OID 16715)
-- Name: Asistencia id_asistencia; Type: DEFAULT; Schema: asistencia_sgfse; Owner: MauricioMC
--

ALTER TABLE ONLY asistencia_sgfse."Asistencia" ALTER COLUMN id_asistencia SET DEFAULT nextval('asistencia_sgfse."Asistencia_id_asistencia_seq"'::regclass);


--
-- TOC entry 4809 (class 2604 OID 16706)
-- Name: Estados_Asistencia id_estado; Type: DEFAULT; Schema: asistencia_sgfse; Owner: MauricioMC
--

ALTER TABLE ONLY asistencia_sgfse."Estados_Asistencia" ALTER COLUMN id_estado SET DEFAULT nextval('asistencia_sgfse."Estados_Asistencia_id_estado_seq"'::regclass);


--
-- TOC entry 4805 (class 2604 OID 16528)
-- Name: Solicitud_Ayuda id_solicitud; Type: DEFAULT; Schema: asistencia_sgfse; Owner: MauricioMC
--

ALTER TABLE ONLY asistencia_sgfse."Solicitud_Ayuda" ALTER COLUMN id_solicitud SET DEFAULT nextval('asistencia_sgfse."Solicitud_Ayuda_id_solicitud_seq"'::regclass);


--
-- TOC entry 5000 (class 0 OID 16474)
-- Dependencies: 224
-- Data for Name: Alumnos; Type: TABLE DATA; Schema: asistencia_sgfse; Owner: MauricioMC
--

COPY asistencia_sgfse."Alumnos" (id_alumno, id_perfil, id_curso, fecha_nacimiento, sexo, direccion, rut) FROM stdin;
1	2	6	2010-05-15	Masculino	Calle Falsa 123	23.456.789-0
9	17	3	2022-02-23	M	Calle Falsete 006	\N
10	19	3	2020-06-17	F	Calle Falsete 010	\N
12	23	1	2016-03-15	M	Calle Falsa 123	\N
13	25	2	2016-03-15	M	Calle Falsa 123	\N
14	27	1	2016-03-15	M	Calle Falsa 123	\N
15	29	2	2016-03-15	M	Calle Falsa 123	\N
16	31	1	2016-03-15	M	Calle Falsa 123	\N
17	33	2	2016-03-15	M	Calle Falsa 123	\N
18	35	1	2016-03-15	M	Calle Falsa 123	\N
19	37	2	2016-03-15	M	Calle Falsa 123	\N
21	41	2	2016-03-15	M	Calle Falsa 123	\N
22	43	1	2016-03-15	M	Calle Falsa 123	\N
23	45	2	2016-03-15	M	Calle Falsa 123	\N
24	47	1	2016-03-15	M	Calle Falsa 123	\N
25	49	2	2016-03-15	M	Calle Falsa 123	\N
26	51	1	2016-03-15	M	Calle Falsa 123	\N
27	53	3	2016-06-20	M	Calle Nueva 456	\N
28	55	4	2016-06-20	M	Calle Nueva 456	\N
29	57	3	2016-06-20	M	Calle Nueva 456	\N
30	59	4	2016-06-20	M	Calle Nueva 456	\N
31	61	3	2016-06-20	M	Calle Nueva 456	\N
33	65	3	2016-06-20	M	Calle Nueva 456	\N
35	69	3	2016-06-20	M	Calle Nueva 456	\N
36	71	4	2016-06-20	M	Calle Nueva 456	\N
37	73	3	2016-06-20	M	Calle Nueva 456	\N
38	75	4	2016-06-20	M	Calle Nueva 456	\N
39	77	3	2021-12-14	M	Calle Falseta 054	\N
40	79	5	2015-01-01	M	Calle Falsa 123	\N
41	81	5	2015-01-01	M	Calle Falsa 123	\N
42	83	5	2015-01-01	M	Calle Falsa 123	\N
43	85	5	2015-01-01	M	Calle Falsa 123	\N
44	87	5	2015-01-01	M	Calle Falsa 123	\N
45	89	5	2015-01-01	M	Calle Falsa 123	\N
46	91	5	2015-01-01	M	Calle Falsa 123	\N
47	93	5	2015-01-01	M	Calle Falsa 123	\N
48	95	7	2015-01-01	M	Calle Falsa 123	\N
49	97	7	2015-01-01	M	Calle Falsa 123	\N
50	99	7	2015-01-01	M	Calle Falsa 123	\N
51	101	7	2015-01-01	M	Calle Falsa 123	\N
52	103	7	2015-01-01	M	Calle Falsa 123	\N
53	105	7	2015-01-01	M	Calle Falsa 123	\N
54	107	7	2015-01-01	M	Calle Falsa 123	\N
55	109	7	2015-01-01	M	Calle Falsa 123	\N
56	111	8	2015-01-01	M	Calle Falsa 123	\N
57	113	8	2015-01-01	M	Calle Falsa 123	\N
58	115	8	2015-01-01	M	Calle Falsa 123	\N
59	117	8	2015-01-01	M	Calle Falsa 123	\N
60	119	8	2015-01-01	M	Calle Falsa 123	\N
61	121	8	2015-01-01	M	Calle Falsa 123	\N
62	123	8	2015-01-01	M	Calle Falsa 123	\N
63	125	8	2015-01-01	M	Calle Falsa 123	\N
64	127	9	2015-01-01	M	Calle Falsa 123	\N
65	129	9	2015-01-01	M	Calle Falsa 123	\N
66	131	9	2015-01-01	M	Calle Falsa 123	\N
67	133	9	2015-01-01	M	Calle Falsa 123	\N
68	135	9	2015-01-01	M	Calle Falsa 123	\N
69	137	9	2015-01-01	M	Calle Falsa 123	\N
70	139	9	2015-01-01	M	Calle Falsa 123	\N
71	141	9	2015-01-01	M	Calle Falsa 123	\N
72	143	10	2015-01-01	M	Calle Falsa 123	\N
73	145	10	2015-01-01	M	Calle Falsa 123	\N
74	147	10	2015-01-01	M	Calle Falsa 123	\N
75	149	10	2015-01-01	M	Calle Falsa 123	\N
76	151	10	2015-01-01	M	Calle Falsa 123	\N
77	153	10	2015-01-01	M	Calle Falsa 123	\N
78	155	10	2015-01-01	M	Calle Falsa 123	\N
79	157	10	2015-01-01	M	Calle Falsa 123	\N
80	159	11	2015-01-01	M	Calle Falsa 123	\N
81	161	11	2015-01-01	M	Calle Falsa 123	\N
82	163	11	2015-01-01	M	Calle Falsa 123	\N
83	165	11	2015-01-01	M	Calle Falsa 123	\N
84	167	11	2015-01-01	M	Calle Falsa 123	\N
86	171	11	2015-01-01	M	Calle Falsa 123	\N
87	173	11	2015-01-01	M	Calle Falsa 123	\N
88	175	12	2015-01-01	M	Calle Falsa 123	\N
89	177	12	2015-01-01	M	Calle Falsa 123	\N
90	179	12	2015-01-01	M	Calle Falsa 123	\N
91	181	12	2015-01-01	M	Calle Falsa 123	\N
92	183	12	2015-01-01	M	Calle Falsa 123	\N
93	185	12	2015-01-01	M	Calle Falsa 123	\N
94	187	12	2015-01-01	M	Calle Falsa 123	\N
95	189	12	2015-01-01	M	Calle Falsa 123	\N
96	191	13	2015-01-01	M	Calle Falsa 123	\N
97	193	13	2015-01-01	M	Calle Falsa 123	\N
98	195	13	2015-01-01	M	Calle Falsa 123	\N
99	197	13	2015-01-01	M	Calle Falsa 123	\N
100	199	13	2015-01-01	M	Calle Falsa 123	\N
101	201	13	2015-01-01	M	Calle Falsa 123	\N
102	203	13	2015-01-01	M	Calle Falsa 123	\N
103	205	13	2015-01-01	M	Calle Falsa 123	\N
104	207	14	2015-01-01	M	Calle Falsa 123	\N
105	209	14	2015-01-01	M	Calle Falsa 123	\N
106	211	14	2015-01-01	M	Calle Falsa 123	\N
107	213	14	2015-01-01	M	Calle Falsa 123	\N
108	215	14	2015-01-01	M	Calle Falsa 123	\N
109	217	14	2015-01-01	M	Calle Falsa 123	\N
110	219	14	2015-01-01	M	Calle Falsa 123	\N
111	221	14	2015-01-01	M	Calle Falsa 123	\N
112	223	15	2015-01-01	M	Calle Falsa 123	\N
113	225	15	2015-01-01	M	Calle Falsa 123	\N
114	227	15	2015-01-01	M	Calle Falsa 123	\N
115	229	15	2015-01-01	M	Calle Falsa 123	\N
116	231	15	2015-01-01	M	Calle Falsa 123	\N
117	233	15	2015-01-01	M	Calle Falsa 123	\N
118	235	15	2015-01-01	M	Calle Falsa 123	\N
119	237	15	2015-01-01	M	Calle Falsa 123	\N
120	239	16	2015-01-01	M	Calle Falsa 123	\N
121	241	16	2015-01-01	M	Calle Falsa 123	\N
122	243	16	2015-01-01	M	Calle Falsa 123	\N
123	245	16	2015-01-01	M	Calle Falsa 123	\N
124	247	16	2015-01-01	M	Calle Falsa 123	\N
125	249	16	2015-01-01	M	Calle Falsa 123	\N
126	251	16	2015-01-01	M	Calle Falsa 123	\N
127	253	16	2015-01-01	M	Calle Falsa 123	\N
128	255	17	2015-01-01	M	Calle Falsa 123	\N
129	257	17	2015-01-01	M	Calle Falsa 123	\N
130	259	17	2015-01-01	M	Calle Falsa 123	\N
131	261	17	2015-01-01	M	Calle Falsa 123	\N
132	263	17	2015-01-01	M	Calle Falsa 123	\N
133	265	17	2015-01-01	M	Calle Falsa 123	\N
134	267	17	2015-01-01	M	Calle Falsa 123	\N
135	269	17	2015-01-01	M	Calle Falsa 123	\N
136	271	18	2015-01-01	M	Calle Falsa 123	\N
137	273	18	2015-01-01	M	Calle Falsa 123	\N
138	275	18	2015-01-01	M	Calle Falsa 123	\N
139	277	18	2015-01-01	M	Calle Falsa 123	\N
140	279	18	2015-01-01	M	Calle Falsa 123	\N
141	281	18	2015-01-01	M	Calle Falsa 123	\N
142	283	18	2015-01-01	M	Calle Falsa 123	\N
143	285	18	2015-01-01	M	Calle Falsa 123	\N
144	287	6	2020-01-07	F	Calle Falseta 044	\N
\.


--
-- TOC entry 5014 (class 0 OID 16712)
-- Dependencies: 239
-- Data for Name: Asistencia; Type: TABLE DATA; Schema: asistencia_sgfse; Owner: MauricioMC
--

COPY asistencia_sgfse."Asistencia" (id_asistencia, id_alumno, fecha, id_estado, observacion, hora_entrada, hora_salida) FROM stdin;
1	1	2026-01-10	1	Primera prueba manual	\N	\N
2	10	2026-01-12	2	\N	08:00:00	17:00:00
3	9	2026-01-12	1	\N	08:00:00	16:00:00
4	37	2026-01-13	1	\N	08:00:00	16:00:00
5	35	2026-01-13	1	\N	08:00:00	16:00:00
6	31	2026-01-13	1	\N	08:00:00	16:00:00
7	10	2026-01-13	2	\N	08:00:00	16:00:00
8	9	2026-01-13	1	\N	08:00:00	16:00:00
9	29	2026-01-13	1	\N	08:00:00	16:00:00
10	33	2026-01-13	1	\N	08:00:00	16:00:00
11	27	2026-01-13	1	\N	08:00:00	16:00:00
13	14	2026-01-13	1	\N	08:00:00	16:00:00
15	18	2026-01-13	1	\N	08:00:00	17:00:00
16	16	2026-01-13	1	\N	08:00:00	16:00:00
17	22	2026-01-13	1	\N	08:00:00	16:00:00
18	24	2026-01-13	1	\N	08:00:00	16:00:00
19	12	2026-01-13	1	\N	08:00:00	16:00:00
20	26	2026-01-13	1	\N	08:00:00	16:00:00
21	21	2026-01-13	2	\N	08:00:00	16:00:00
23	19	2026-01-13	1	\N	08:00:00	16:00:00
24	15	2026-01-13	1	\N	08:00:00	16:00:00
25	25	2026-01-13	1	\N	08:00:00	16:00:00
26	17	2026-01-13	1	\N	08:00:00	16:00:00
27	23	2026-01-13	1	\N	08:00:00	16:00:00
28	13	2026-01-13	1	\N	08:00:00	16:00:00
80	37	2026-01-17	1	\N	\N	\N
81	35	2026-01-17	1	\N	\N	\N
82	31	2026-01-17	1	\N	\N	\N
83	10	2026-01-17	1	\N	\N	\N
79	9	2026-01-17	2	\N	19:20:15	\N
84	39	2026-01-17	2	\N	\N	\N
85	29	2026-01-17	1	\N	\N	\N
86	33	2026-01-17	1	\N	\N	\N
87	27	2026-01-17	1	\N	\N	\N
90	15	2026-01-17	1	\N	\N	\N
91	19	2026-01-17	1	\N	\N	\N
92	25	2026-01-17	1	\N	\N	\N
93	17	2026-01-17	1	\N	\N	\N
94	23	2026-01-17	1	\N	\N	\N
95	13	2026-01-17	1	\N	\N	\N
89	21	2026-01-17	1	\N	19:35:33	19:37:24
88	14	2026-01-17	1	\N	19:23:32	19:42:08
96	50	2026-01-17	1	\N	19:45:19	19:45:29
97	49	2026-01-17	1	\N	19:45:57	19:46:03
98	54	2026-01-17	1	\N	19:47:00	19:48:03
99	48	2026-01-17	1	\N	19:56:24	19:56:32
100	144	2026-01-17	1	\N	20:02:41	20:03:09
101	14	2026-01-18	1	\N	21:07:59	\N
102	18	2026-01-18	1	\N	21:11:16	\N
32	14	2026-01-14	3	\N	\N	\N
33	18	2026-01-14	3	\N	\N	\N
34	16	2026-01-14	2	\N	\N	\N
35	22	2026-01-14	2	\N	\N	\N
36	24	2026-01-14	2	\N	\N	\N
37	26	2026-01-14	2	\N	\N	\N
38	12	2026-01-14	2	\N	\N	\N
39	21	2026-01-12	1	\N	\N	\N
41	19	2026-01-12	2	\N	\N	\N
103	16	2026-01-18	1	\N	21:15:51	\N
104	22	2026-01-18	1	\N	21:23:12	21:23:48
42	15	2026-01-12	1	\N	\N	\N
43	25	2026-01-12	1	\N	\N	\N
44	17	2026-01-12	1	\N	\N	\N
45	23	2026-01-12	1	\N	\N	\N
46	13	2026-01-12	1	\N	\N	\N
47	21	2026-01-22	3	\N	\N	\N
49	19	2026-01-22	1	\N	\N	\N
50	15	2026-01-22	1	\N	\N	\N
51	25	2026-01-22	1	\N	\N	\N
52	17	2026-01-22	1	\N	\N	\N
53	23	2026-01-22	1	\N	\N	\N
54	13	2026-01-22	1	\N	\N	\N
55	46	2026-01-15	2	\N	\N	\N
56	43	2026-01-15	1	\N	\N	\N
57	47	2026-01-15	3	\N	\N	\N
58	41	2026-01-15	1	\N	\N	\N
59	44	2026-01-15	1	\N	\N	\N
60	45	2026-01-15	2	\N	\N	\N
61	40	2026-01-15	1	\N	\N	\N
62	42	2026-01-15	1	\N	\N	\N
64	14	2026-01-15	2	\N	\N	\N
65	18	2026-01-15	2	\N	\N	\N
66	16	2026-01-15	2	\N	\N	\N
67	22	2026-01-15	3	\N	\N	\N
68	24	2026-01-15	1	\N	\N	\N
69	26	2026-01-15	2	\N	\N	\N
70	12	2026-01-15	1	\N	\N	\N
72	14	2026-01-16	1	\N	\N	\N
73	18	2026-01-16	1	\N	\N	\N
74	16	2026-01-16	1	\N	\N	\N
75	22	2026-01-16	1	\N	\N	\N
76	24	2026-01-16	1	\N	\N	\N
77	26	2026-01-16	1	\N	\N	\N
78	12	2026-01-16	1	\N	\N	\N
\.


--
-- TOC entry 4997 (class 0 OID 16426)
-- Dependencies: 221
-- Data for Name: Cursos; Type: TABLE DATA; Schema: asistencia_sgfse; Owner: MauricioMC
--

COPY asistencia_sgfse."Cursos" (id_curso, nombre_curso) FROM stdin;
1	Prekinder
2	Kinder
3	1° Primero A
4	1° Primero B
5	2° Segundo A
6	2° Segundo B
7	3° Primero A
8	3° Primero B
9	4° Primero A
10	4° Primero B
11	5° Primero A
12	5° Primero B
13	6° Primero A
14	6° Primero B
15	7° Primero A
16	7° Primero B
17	8° Primero A
18	8° Primero B
\.


--
-- TOC entry 5012 (class 0 OID 16703)
-- Dependencies: 237
-- Data for Name: Estados_Asistencia; Type: TABLE DATA; Schema: asistencia_sgfse; Owner: MauricioMC
--

COPY asistencia_sgfse."Estados_Asistencia" (id_estado, nombre_estado) FROM stdin;
1	Presente
2	Ausente
3	Justificado
\.


--
-- TOC entry 4999 (class 0 OID 16446)
-- Dependencies: 223
-- Data for Name: Perfiles; Type: TABLE DATA; Schema: asistencia_sgfse; Owner: MauricioMC
--

COPY asistencia_sgfse."Perfiles" (id_perfil, id_usuario, nombre, apellido_paterno, apellido_materno) FROM stdin;
2	\N	Marcelo	Rivas	Macado
17	16	Juan	Mart	Lopez
19	18	Martina	Lizt	Mot
114	113	Sofía	Reyes	Apoderado
23	22	Mateo	Soto	Morales
24	23	Julieta	Soto	Pérez
25	24	Matías	Soto	Díaz
26	25	Lucas	Soto	Pérez
27	26	Amanda	González	Sepúlveda
28	27	Mateo	González	Pérez
29	28	Sebastián	Martínez	Martínez
30	29	Julieta	Martínez	Pérez
31	30	Tomás	Rojas	Sepúlveda
32	31	Felipe	Rojas	Pérez
33	32	Nicolás	Rojas	Morales
34	33	Lucas	Rojas	Pérez
35	34	Josefa	Pérez	Muñoz
37	36	Isidora	Martínez	Soto
38	37	Nicolás	Martínez	Pérez
41	40	Matías	Díaz	Martínez
43	42	Nicolás	Sepúlveda	González
45	44	Amanda	Silva	Martínez
46	45	Tomás	Silva	Pérez
47	46	Nicolás	Silva	Silva
48	47	Maite	Silva	Pérez
49	48	Sebastián	Rodríguez	Sepúlveda
51	50	Trinidad	Soto	Pérez
52	51	Sebastián	Soto	Pérez
53	52	Cristóbal	Tapia	Vargas
54	53	Sofía	Tapia	Cortés
55	54	Josefa	Pizarro	Vargas
56	55	Maite	Pizarro	Cortés
57	56	Emilia	Pizarro	Vargas
58	57	Emilia	Pizarro	Cortés
59	58	Isidora	Lagos	Vargas
60	59	Catalina	Lagos	Cortés
61	60	Cristóbal	Lagos	Vargas
62	61	Benjamín	Lagos	Cortés
64	63	Alonso	Saavedra	Cortés
65	64	Vicente	Reyes	Vargas
66	65	Catalina	Reyes	Cortés
69	68	Vicente	Castillo	Vargas
70	69	Joaquín	Castillo	Cortés
71	70	Vicente	Lagos	Vargas
72	71	Trinidad	Lagos	Cortés
73	72	Cristóbal	Barraza	Vargas
74	73	Trinidad	Barraza	Cortés
75	74	Emilia	Tapia	Vargas
76	75	Agustín	Tapia	Cortés
18	17	Maria	Lopez	Martinez
42	41	Tomás	Díaz	Pérez
44	43	Felipe	Sepúlveda	Pérez
115	114	Matías	Fuentes	Pizarro
77	76	Zero	Marz	Lion
78	77	Marian	Lion	Arh
116	115	Lucas	Fuentes	Apoderado
36	35	Emilia	Pérez	Pérez
79	78	Sofía	Saavedra	Lagos
80	79	Benjamín	Saavedra	Apoderado
81	80	Matías	Muñoz	Espinoza
82	81	Agustín	Muñoz	Apoderado
83	82	Lucas	Soto	Reyes
84	83	Trinidad	Soto	Apoderado
85	84	Gaspar	Espinoza	Pizarro
86	85	Lucas	Espinoza	Apoderado
87	86	Agustín	Reyes	Pizarro
88	87	Vicente	Reyes	Apoderado
89	88	Emilia	Reyes	Espinoza
90	89	Mateo	Reyes	Apoderado
91	90	Benjamín	Castillo	Soto
92	91	Benjamín	Castillo	Apoderado
93	92	Sofía	Lagos	Rojas
94	93	Lucas	Lagos	Apoderado
95	94	Florencia	Lagos	Fuentes
96	95	Vicente	Lagos	Apoderado
97	96	Agustín	Díaz	Castillo
98	97	Benjamín	Díaz	Apoderado
99	98	Lucas	Carrasco	Tapia
100	99	Mateo	Carrasco	Apoderado
101	100	Agustín	Castillo	Castillo
102	101	Benjamín	Castillo	Apoderado
103	102	Lucas	Saavedra	Lagos
104	103	Lucas	Saavedra	Apoderado
105	104	Trinidad	Reyes	Tapia
106	105	Mateo	Reyes	Apoderado
107	106	Florencia	Lagos	Espinoza
108	107	Emilia	Lagos	Apoderado
109	108	Trinidad	Lagos	Reyes
110	109	Martín	Lagos	Apoderado
111	110	Sofía	Díaz	Pizarro
112	111	Martín	Díaz	Apoderado
113	112	Agustín	Reyes	Espinoza
117	116	Florencia	Barraza	Soto
118	117	Trinidad	Barraza	Apoderado
119	118	Lucas	Muñoz	Carrasco
120	119	Florencia	Muñoz	Apoderado
121	120	Isidora	Muñoz	Díaz
122	121	Florencia	Muñoz	Apoderado
123	122	Emilia	Lagos	Rojas
124	123	Florencia	Lagos	Apoderado
125	124	Emilia	Muñoz	Muñoz
126	125	Trinidad	Muñoz	Apoderado
127	126	Lucas	Saavedra	Espinoza
128	127	Lucas	Saavedra	Apoderado
129	128	Emilia	Soto	Fuentes
130	129	Sofía	Soto	Apoderado
131	130	Sofía	Rojas	Lagos
132	131	Benjamín	Rojas	Apoderado
133	132	Emilia	Fuentes	Soto
134	133	Sofía	Fuentes	Apoderado
135	134	Agustín	Espinoza	Castillo
136	135	Benjamín	Espinoza	Apoderado
137	136	Gaspar	Soto	Espinoza
138	137	Matías	Soto	Apoderado
139	138	Mateo	Soto	Rojas
140	139	Emilia	Soto	Apoderado
141	140	Florencia	Muñoz	Carrasco
142	141	Benjamín	Muñoz	Apoderado
143	142	Lucas	Soto	Castillo
144	143	Lucas	Soto	Apoderado
20	19	Eugenia	Mot	Mirt
145	144	Lucas	Muñoz	Fuentes
146	145	Emilia	Muñoz	Apoderado
147	146	Gaspar	Díaz	Tapia
148	147	Vicente	Díaz	Apoderado
149	148	Florencia	Fuentes	Carrasco
150	149	Mateo	Fuentes	Apoderado
151	150	Martín	Saavedra	Carrasco
152	151	Isidora	Saavedra	Apoderado
153	152	Sofía	Muñoz	Saavedra
154	153	Emilia	Muñoz	Apoderado
155	154	Mateo	Muñoz	Muñoz
156	155	Mateo	Muñoz	Apoderado
157	156	Florencia	Fuentes	Fuentes
158	157	Martín	Fuentes	Apoderado
159	158	Martín	Muñoz	Fuentes
160	159	Martín	Muñoz	Apoderado
161	160	Vicente	Barraza	Soto
162	161	Florencia	Barraza	Apoderado
163	162	Mateo	Barraza	Reyes
164	163	Agustín	Barraza	Apoderado
165	164	Vicente	Díaz	Carrasco
166	165	Isidora	Díaz	Apoderado
167	166	Mateo	Díaz	Barraza
168	167	Isidora	Díaz	Apoderado
170	169	Gaspar	Reyes	Apoderado
171	170	Mateo	Carrasco	Carrasco
172	171	Trinidad	Carrasco	Apoderado
173	172	Matías	Muñoz	Pizarro
174	173	Vicente	Muñoz	Apoderado
175	174	Benjamín	Castillo	Tapia
176	175	Trinidad	Castillo	Apoderado
177	176	Matías	Muñoz	Rojas
178	177	Vicente	Muñoz	Apoderado
179	178	Trinidad	Rojas	Rojas
180	179	Benjamín	Rojas	Apoderado
181	180	Lucas	Rojas	Muñoz
182	181	Florencia	Rojas	Apoderado
183	182	Benjamín	Díaz	Reyes
184	183	Gaspar	Díaz	Apoderado
185	184	Gaspar	Castillo	Saavedra
186	185	Sofía	Castillo	Apoderado
187	186	Emilia	Díaz	Lagos
188	187	Gaspar	Díaz	Apoderado
189	188	Lucas	Espinoza	Muñoz
190	189	Trinidad	Espinoza	Apoderado
191	190	Trinidad	Castillo	Barraza
192	191	Matías	Castillo	Apoderado
193	192	Matías	Carrasco	Saavedra
194	193	Agustín	Carrasco	Apoderado
195	194	Gaspar	Carrasco	Soto
196	195	Vicente	Carrasco	Apoderado
197	196	Benjamín	Castillo	Fuentes
198	197	Sofía	Castillo	Apoderado
199	198	Trinidad	Soto	Carrasco
200	199	Emilia	Soto	Apoderado
201	200	Agustín	Pizarro	Soto
202	201	Vicente	Pizarro	Apoderado
203	202	Emilia	Barraza	Soto
204	203	Agustín	Barraza	Apoderado
205	204	Sofía	Lagos	Pizarro
206	205	Agustín	Lagos	Apoderado
207	206	Matías	Rojas	Espinoza
208	207	Trinidad	Rojas	Apoderado
209	208	Isidora	Rojas	Tapia
210	209	Isidora	Rojas	Apoderado
211	210	Matías	Tapia	Barraza
212	211	Gaspar	Tapia	Apoderado
213	212	Emilia	Tapia	Díaz
214	213	Mateo	Tapia	Apoderado
215	214	Isidora	Fuentes	Reyes
216	215	Matías	Fuentes	Apoderado
217	216	Vicente	Soto	Lagos
218	217	Martín	Soto	Apoderado
219	218	Florencia	Tapia	Soto
220	219	Isidora	Tapia	Apoderado
221	220	Martín	Muñoz	Castillo
222	221	Mateo	Muñoz	Apoderado
223	222	Emilia	Carrasco	Espinoza
224	223	Lucas	Carrasco	Apoderado
225	224	Lucas	Espinoza	Reyes
226	225	Benjamín	Espinoza	Apoderado
227	226	Vicente	Reyes	Soto
228	227	Isidora	Reyes	Apoderado
229	228	Trinidad	Pizarro	Pizarro
230	229	Isidora	Pizarro	Apoderado
231	230	Florencia	Rojas	Fuentes
232	231	Agustín	Rojas	Apoderado
233	232	Matías	Soto	Muñoz
234	233	Mateo	Soto	Apoderado
235	234	Florencia	Espinoza	Espinoza
236	235	Agustín	Espinoza	Apoderado
237	236	Matías	Díaz	Barraza
238	237	Florencia	Díaz	Apoderado
239	238	Florencia	Lagos	Castillo
240	239	Mateo	Lagos	Apoderado
241	240	Florencia	Reyes	Tapia
242	241	Mateo	Reyes	Apoderado
243	242	Emilia	Carrasco	Díaz
244	243	Vicente	Carrasco	Apoderado
245	244	Lucas	Castillo	Fuentes
246	245	Mateo	Castillo	Apoderado
247	246	Florencia	Tapia	Rojas
248	247	Martín	Tapia	Apoderado
249	248	Benjamín	Rojas	Soto
250	249	Agustín	Rojas	Apoderado
251	250	Agustín	Soto	Fuentes
252	251	Lucas	Soto	Apoderado
253	252	Mateo	Muñoz	Lagos
254	253	Isidora	Muñoz	Apoderado
255	254	Benjamín	Barraza	Pizarro
256	255	Trinidad	Barraza	Apoderado
257	256	Benjamín	Castillo	Reyes
258	257	Mateo	Castillo	Apoderado
259	258	Vicente	Carrasco	Lagos
260	259	Emilia	Carrasco	Apoderado
261	260	Isidora	Carrasco	Rojas
262	261	Lucas	Carrasco	Apoderado
263	262	Sofía	Díaz	Espinoza
264	263	Agustín	Díaz	Apoderado
265	264	Vicente	Muñoz	Soto
266	265	Emilia	Muñoz	Apoderado
267	266	Sofía	Fuentes	Reyes
268	267	Sofía	Fuentes	Apoderado
269	268	Trinidad	Fuentes	Carrasco
270	269	Agustín	Fuentes	Apoderado
271	270	Mateo	Castillo	Barraza
272	271	Florencia	Castillo	Apoderado
273	272	Gaspar	Carrasco	Tapia
274	273	Florencia	Carrasco	Apoderado
275	274	Florencia	Espinoza	Muñoz
276	275	Matías	Espinoza	Apoderado
277	276	Sofía	Fuentes	Saavedra
278	277	Vicente	Fuentes	Apoderado
279	278	Lucas	Castillo	Saavedra
280	279	Isidora	Castillo	Apoderado
281	280	Martín	Barraza	Soto
282	281	Isidora	Barraza	Apoderado
283	282	Mateo	Rojas	Barraza
284	283	Emilia	Rojas	Apoderado
285	284	Agustín	Saavedra	Rojas
286	285	Benjamín	Saavedra	Apoderado
287	286	Lit	Mor	Lim
295	294	Liz	Xiz	Xaz
1	1	Mauricio	Manriquez 	Cordero
297	299	Valeria	Tapia	Mirlof
288	287	Mair	Lim	Xill
298	301	Administrador	Proyecto	Uno
\.


--
-- TOC entry 5010 (class 0 OID 16684)
-- Dependencies: 235
-- Data for Name: Relacion_Apoderado; Type: TABLE DATA; Schema: asistencia_sgfse; Owner: postgres
--

COPY asistencia_sgfse."Relacion_Apoderado" (id_relacion, id_usuario, id_alumno, parentesco, telefono, email_contacto) FROM stdin;
1	1	1	Padre	\N	\N
5	23	12	Padre/Madre	+56999999999	prueba@tesis.cl
6	25	13	Padre/Madre	+56999999999	prueba@tesis.cl
7	27	14	Padre/Madre	+56999999999	prueba@tesis.cl
8	29	15	Padre/Madre	+56999999999	prueba@tesis.cl
9	31	16	Padre/Madre	+56999999999	prueba@tesis.cl
10	33	17	Padre/Madre	+56999999999	prueba@tesis.cl
12	37	19	Padre/Madre	+56999999999	prueba@tesis.cl
16	45	23	Padre/Madre	+56999999999	prueba@tesis.cl
17	47	24	Padre/Madre	+56999999999	prueba@tesis.cl
19	51	26	Padre/Madre	+56999999999	prueba@tesis.cl
20	53	27	Padre/Madre	+56987654321	nuevo@test.com
21	55	28	Padre/Madre	+56987654321	nuevo@test.com
22	57	29	Padre/Madre	+56987654321	nuevo@test.com
23	59	30	Padre/Madre	+56987654321	nuevo@test.com
24	61	31	Padre/Madre	+56987654321	nuevo@test.com
26	65	33	Padre/Madre	+56987654321	nuevo@test.com
28	69	35	Padre/Madre	+56987654321	nuevo@test.com
29	71	36	Padre/Madre	+56987654321	nuevo@test.com
30	73	37	Padre/Madre	+56987654321	nuevo@test.com
31	75	38	Padre/Madre	+56987654321	nuevo@test.com
2	17	9	Madre	+56930303031	maria@proyecto.cl
14	41	21	Padre/Madre	+56999999945	prueba@tesis.cl
15	43	22	Padre/Madre	+56999999999	mauricio.manriquez.cordero@gmail.com
32	77	39	Madre	+59954785472	marian@proyecto.cl
33	79	40	Apoderado	+56911111111	test@prueba.cl
34	81	41	Apoderado	+56911111111	test@prueba.cl
35	83	42	Apoderado	+56911111111	test@prueba.cl
36	85	43	Apoderado	+56911111111	test@prueba.cl
37	87	44	Apoderado	+56911111111	test@prueba.cl
38	89	45	Apoderado	+56911111111	test@prueba.cl
39	91	46	Apoderado	+56911111111	test@prueba.cl
40	93	47	Apoderado	+56911111111	test@prueba.cl
41	95	48	Apoderado	+56911111111	test@prueba.cl
42	97	49	Apoderado	+56911111111	test@prueba.cl
43	99	50	Apoderado	+56911111111	test@prueba.cl
44	101	51	Apoderado	+56911111111	test@prueba.cl
45	103	52	Apoderado	+56911111111	test@prueba.cl
46	105	53	Apoderado	+56911111111	test@prueba.cl
47	107	54	Apoderado	+56911111111	test@prueba.cl
48	109	55	Apoderado	+56911111111	test@prueba.cl
49	111	56	Apoderado	+56911111111	test@prueba.cl
50	113	57	Apoderado	+56911111111	test@prueba.cl
51	115	58	Apoderado	+56911111111	test@prueba.cl
52	117	59	Apoderado	+56911111111	test@prueba.cl
53	119	60	Apoderado	+56911111111	test@prueba.cl
54	121	61	Apoderado	+56911111111	test@prueba.cl
55	123	62	Apoderado	+56911111111	test@prueba.cl
56	125	63	Apoderado	+56911111111	test@prueba.cl
57	127	64	Apoderado	+56911111111	test@prueba.cl
58	129	65	Apoderado	+56911111111	test@prueba.cl
59	131	66	Apoderado	+56911111111	test@prueba.cl
60	133	67	Apoderado	+56911111111	test@prueba.cl
61	135	68	Apoderado	+56911111111	test@prueba.cl
62	137	69	Apoderado	+56911111111	test@prueba.cl
63	139	70	Apoderado	+56911111111	test@prueba.cl
64	141	71	Apoderado	+56911111111	test@prueba.cl
65	143	72	Apoderado	+56911111111	test@prueba.cl
66	145	73	Apoderado	+56911111111	test@prueba.cl
67	147	74	Apoderado	+56911111111	test@prueba.cl
68	149	75	Apoderado	+56911111111	test@prueba.cl
69	151	76	Apoderado	+56911111111	test@prueba.cl
70	153	77	Apoderado	+56911111111	test@prueba.cl
71	155	78	Apoderado	+56911111111	test@prueba.cl
72	157	79	Apoderado	+56911111111	test@prueba.cl
73	159	80	Apoderado	+56911111111	test@prueba.cl
74	161	81	Apoderado	+56911111111	test@prueba.cl
75	163	82	Apoderado	+56911111111	test@prueba.cl
76	165	83	Apoderado	+56911111111	test@prueba.cl
77	167	84	Apoderado	+56911111111	test@prueba.cl
79	171	86	Apoderado	+56911111111	test@prueba.cl
80	173	87	Apoderado	+56911111111	test@prueba.cl
81	175	88	Apoderado	+56911111111	test@prueba.cl
82	177	89	Apoderado	+56911111111	test@prueba.cl
83	179	90	Apoderado	+56911111111	test@prueba.cl
84	181	91	Apoderado	+56911111111	test@prueba.cl
85	183	92	Apoderado	+56911111111	test@prueba.cl
86	185	93	Apoderado	+56911111111	test@prueba.cl
87	187	94	Apoderado	+56911111111	test@prueba.cl
88	189	95	Apoderado	+56911111111	test@prueba.cl
89	191	96	Apoderado	+56911111111	test@prueba.cl
90	193	97	Apoderado	+56911111111	test@prueba.cl
91	195	98	Apoderado	+56911111111	test@prueba.cl
92	197	99	Apoderado	+56911111111	test@prueba.cl
93	199	100	Apoderado	+56911111111	test@prueba.cl
94	201	101	Apoderado	+56911111111	test@prueba.cl
11	35	18	Padre/Madre	+56999999999	mauricio.manriquez.cordero@gmail.com
3	19	10	Madre	+56922222222	eugenia@proyecto.cl
95	203	102	Apoderado	+56911111111	test@prueba.cl
96	205	103	Apoderado	+56911111111	test@prueba.cl
97	207	104	Apoderado	+56911111111	test@prueba.cl
98	209	105	Apoderado	+56911111111	test@prueba.cl
99	211	106	Apoderado	+56911111111	test@prueba.cl
100	213	107	Apoderado	+56911111111	test@prueba.cl
101	215	108	Apoderado	+56911111111	test@prueba.cl
102	217	109	Apoderado	+56911111111	test@prueba.cl
103	219	110	Apoderado	+56911111111	test@prueba.cl
104	221	111	Apoderado	+56911111111	test@prueba.cl
105	223	112	Apoderado	+56911111111	test@prueba.cl
106	225	113	Apoderado	+56911111111	test@prueba.cl
107	227	114	Apoderado	+56911111111	test@prueba.cl
108	229	115	Apoderado	+56911111111	test@prueba.cl
109	231	116	Apoderado	+56911111111	test@prueba.cl
110	233	117	Apoderado	+56911111111	test@prueba.cl
111	235	118	Apoderado	+56911111111	test@prueba.cl
112	237	119	Apoderado	+56911111111	test@prueba.cl
113	239	120	Apoderado	+56911111111	test@prueba.cl
114	241	121	Apoderado	+56911111111	test@prueba.cl
115	243	122	Apoderado	+56911111111	test@prueba.cl
116	245	123	Apoderado	+56911111111	test@prueba.cl
117	247	124	Apoderado	+56911111111	test@prueba.cl
118	249	125	Apoderado	+56911111111	test@prueba.cl
119	251	126	Apoderado	+56911111111	test@prueba.cl
120	253	127	Apoderado	+56911111111	test@prueba.cl
121	255	128	Apoderado	+56911111111	test@prueba.cl
122	257	129	Apoderado	+56911111111	test@prueba.cl
123	259	130	Apoderado	+56911111111	test@prueba.cl
124	261	131	Apoderado	+56911111111	test@prueba.cl
125	263	132	Apoderado	+56911111111	test@prueba.cl
126	265	133	Apoderado	+56911111111	test@prueba.cl
127	267	134	Apoderado	+56911111111	test@prueba.cl
128	269	135	Apoderado	+56911111111	test@prueba.cl
129	271	136	Apoderado	+56911111111	test@prueba.cl
130	273	137	Apoderado	+56911111111	test@prueba.cl
131	275	138	Apoderado	+56911111111	test@prueba.cl
132	277	139	Apoderado	+56911111111	test@prueba.cl
133	279	140	Apoderado	+56911111111	test@prueba.cl
134	281	141	Apoderado	+56911111111	test@prueba.cl
135	283	142	Apoderado	+56911111111	test@prueba.cl
136	285	143	Apoderado	+56911111111	test@prueba.cl
137	287	144	Madre	+56 9 39393939	mauricio.manriquez.cordero@gmail.com
\.


--
-- TOC entry 4996 (class 0 OID 16419)
-- Dependencies: 220
-- Data for Name: Roles; Type: TABLE DATA; Schema: asistencia_sgfse; Owner: MauricioMC
--

COPY asistencia_sgfse."Roles" (id_rol, nombre_rol) FROM stdin;
1	Administrador
2	Apoderado
3	Alumno
\.


--
-- TOC entry 5002 (class 0 OID 16525)
-- Dependencies: 226
-- Data for Name: Solicitud_Ayuda; Type: TABLE DATA; Schema: asistencia_sgfse; Owner: MauricioMC
--

COPY asistencia_sgfse."Solicitud_Ayuda" (id_solicitud, id_usuario_apo, mensaje, fecha_creacion, estado) FROM stdin;
1	23	No puedo generar el reporte 	2026-01-13	\N
4	35	no se ha generado el reporte 	2026-01-14	\N
5	35	no puedo generar el reporte 	2026-01-14	Resuelto
6	35	No puedo generar el reporte\r\n	2026-01-14	Resuelto
\.


--
-- TOC entry 4998 (class 0 OID 16433)
-- Dependencies: 222
-- Data for Name: Usuarios; Type: TABLE DATA; Schema: asistencia_sgfse; Owner: MauricioMC
--

COPY asistencia_sgfse."Usuarios" (id_usuario, rut, password_hash, id_rol) FROM stdin;
31	13.000.005-K	scrypt:32768:8:1$GyfYNNnJzxICeiza$944fb8376c5ac2a4199f98f801d1a42976ab926727df911dc3cbc305acc0c014ab70be89e96ce6c135be70d5d8f0330b260fd0f5f1edd186606ea23ccf44fa3c	2
32	23.000.006-K	scrypt:32768:8:1$nQ1bsWiW6gPXtV6c$a72e5584e72d48a2ae1b8f463b01d425d3871660163aff50ae5bd96cdf2860942313c842c0cf06b2745648758c6dc0d19e2be93c330b343598b2aaa9ac821390	3
33	13.000.006-K	scrypt:32768:8:1$yIjcby7sGq1Hh3Yj$7b2228e52403acb4fb1409b6003255fe6ad23ba17540a369c73ab5e884f0b254357be1fb0cb0c8ef43e5cfe384fe2d3aca63247081d2f75d94f46db057a383d9	2
16	44.444.444-k	scrypt:32768:8:1$Xn9ceib5RxNl7OJr$6334a93052d1c717d4e93440eaf353e292ab36e992d57918e28e76a7dc3d772ccdc93ae5aa6d23bf4292150bfef640ed3e17e75238c41932445193bd3d2d0b33	3
34	23.000.007-K	scrypt:32768:8:1$kU2CNDCPnQMNcVdq$2cb45ddb1e813a30495e08b275186ee0528d3f0fedf6f8b334ec5b00ecca167783886eecc42aac53bc3525c3c0e2cab63c842b9d37474f3b762a1a007bb4a246	3
18	3.333.333-3	scrypt:32768:8:1$3djiN6dSa6iFYrse$6e0a3013c878090a8618c251c327d5cc10f51b4cceb73fc44478066e84c27edca0f8099183b606b2b41661afade137966aef181bb81e0990e00ad71d0cf2d832	3
22	23.000.001-K	scrypt:32768:8:1$5khV2l2zJr9oJGrG$2742c9f607fca9587ac4c1df695a0d46c1522c2276df2d423d068492c1b473760522f2bde36f6f362d7a83a9eb7cf9b4bec24507322c7e8081e381d876e30312	3
23	13.000.001-K	scrypt:32768:8:1$lAqJZJWmCsxE6bF1$c3adb3fcebf6b755cac4e101e8022a88c047d5aa1c6cc9b6afa0fa901f672fc75e1d20e0a94e835d18e2803a4b046423d7bb174c7fdc402cf40616d955fea39a	2
24	23.000.002-K	scrypt:32768:8:1$6u9xezNGqbJOHMU8$ce09286b11d4c2a5a29a1bab6ee3e83cbfb1fa037501560bcd6d36eb395a491775b3fb2b21adcb4c8067782805e4ff793f1d0e2051bc574175ca7e40f6cb7b36	3
25	13.000.002-K	scrypt:32768:8:1$jg5vyouk51cGabVY$e30e24c3238cbb15a6eff848ce4638b060692848f63bdf588f98b95c34e9a14b1bd7831dd1671b8df75b24f33d8b281ef1d3a781025c8e4cfd8e8c3072e58ce9	2
26	23.000.003-K	scrypt:32768:8:1$t5qExKV9qByja2n9$7969ee04c099ccdc9678c71cdece037e1f09151b9d5e9ce729c8944e7c6adc5d6d26a059dfcb90ebaa60b4139f99ba07b3d50b9bbb37b4ddaf171a006d9a739a	3
27	13.000.003-K	scrypt:32768:8:1$X3EI0xzx5WQF5BFW$08ece6a1ee16abe2fbc0173ac5299e1ec4edf116152fa63001009416d46acd017dc8ae6fef6c66c0b1227ef3a6cdcf4d47d51da0125289f657b1731b0220afc8	2
28	23.000.004-K	scrypt:32768:8:1$xDooGgCHoBwNKKrQ$0e4eb3da623315b873a1593a19bfa9c2d0c6ef9351b7cb80d40cd565d8ea4d961dbbda6a9fb653108bcd4b84b8774220a9221b73922be5f5828960046fccaeb9	3
29	13.000.004-K	scrypt:32768:8:1$qzeyMnRKBsq6lTAi$5b5a5140ca28451edef483bb67eb8e0b7eec5ec9770a2e2449dadc2675d2400472856684b7b6c74c8cb7539c6ba35f92cc2d702520999068ee4ac418474455ed	2
30	23.000.005-K	scrypt:32768:8:1$eD3QeqpMzJXpFgNu$5275ebbda86cba5a7038bbf71bb63def5c56c8e2b3255343fdd1ee226ea27556f0d4afa6108bd9ae431fede344adab75dc865d882aeb31319d5e6873d98822cf	3
36	23.000.008-K	scrypt:32768:8:1$gpRQa203qh8GlosV$6077ce06e96c698eacafbac0bcde378b3dd7431df06bb58781acb4530a36440e89fe2ffe2edf33a4c4d7d35ea8db6e6f5c45d4816895279fca4c4002c0b9ef05	3
37	13.000.008-K	scrypt:32768:8:1$yLN1cGXZ5N3W8Gm9$277dceb1b100d3c3da16e5912911d1479b1ae707d150b0c7c00b970765b232d8317965c60acbe8b93cbb416cb3b533fd1237b99736be2bc718b6b52dc62cb0b6	2
40	23.000.010-K	scrypt:32768:8:1$ENIFgWmHS80lt2OP$5a5a028cff891c90d7f2beb8f78bf1494965326dcfeb3114382e5814dbc1023b96bb05ff501228ea3f8575fb98a432657da545a4242d133f94cbeb3892a903d4	3
42	23.000.011-K	scrypt:32768:8:1$IOoaKYUioLsmZMVW$95c097afdb02744048ccbedf860ef33baa0bc264969276100a35f403d5a170b62d9536040a0f81905a0143460b8f3752e92047de8603de9339e9697d2f9e88bf	3
44	23.000.012-K	scrypt:32768:8:1$ZwOdDX7aIHtKAwsM$baa2ce8b53999280283d246ee0d82295fa80cb33e4a546b8b4b65a82356406aaf62fcbd806e1d595c13989e171d44e1b4e8b29a7ec72085a42627e58d27a255a	3
45	13.000.012-K	scrypt:32768:8:1$hlHK4usXj1SUvmEj$13fc5a7b69ed0d7570ab61c9c9310249ef58621d14fc56815f173222dd5c3705ed6dfe1ce61f4b4a4b766afed7634ac63d9dcb4d8a70c484c7f733280e17a0be	2
46	23.000.013-K	scrypt:32768:8:1$ihrnyE1DFAGgO3hV$49d199b3256c7be214254809962d1b95202e2319d51f77e4234a3648d7d9f389a9509c32408e6fa3f2d62b08e6ffef3f278ca856eaf3d605c0d7b857d52cbe17	3
47	13.000.013-K	scrypt:32768:8:1$kmFaZR4plaVZMXbu$2f1974b585f4cee15cf8132921b9e1747c12f2874b51832ef27749c9a8b150a000221dfd36f21a00973368753885cb56bc395136a42f050d102924b56a738b5e	2
48	23.000.014-K	scrypt:32768:8:1$XjqXdbaVpeT68EaT$fc7939516b3838b251470d2027b8aacbf417ff5c054d6e4fdc34acb59fc27d8ba715ae6731d73a36e14421b1d387085ae2cafd61bedef15445929f018e2f3499	3
43	13.000.011-K	scrypt:32768:8:1$VdT5N5HAoSt3XpRE$bdbb1b6c3722261321b5ab4b2b7c2d50347b4efa87ab708df47292312bcc8ec950e00e9e26e1fa7a7cc208d65122cdd3f95fe6b4c963748e92a0ccd9a1225084	2
41	13.000.010-K	scrypt:32768:8:1$HEr72WYVLmYw5S6f$5ad6bb86fcd4c40b45506ec249b8ae398c3532d4a4440f82e5df7827c4bfe4d93ab92df7a8e4554689c26629eb1f9e4a9a644246d847b7b936ce663f1f39beed	2
17	9.999.999-8	scrypt:32768:8:1$0yPebBYsUxsX1EW6$7d1d6d80dbaeca3102ba3a6ea04bbfe5430a1ee9eeeb01860669bc808ba3d7960f6a66302ce3d61ad9d404fd268f57489cb68c79879de08d7dec15d72574e3bc	2
19	9.999.999-7	scrypt:32768:8:1$yzsjUQubi2Us60oc$6e2210ba9bd185285305066121d595d192451c16bf93af01f4f1f2d9ad0e97d978f7b0d8bed16f0b9213d0934db5c41d35e060475244a0ae86b74fcbfa34cbac	2
1	12.345.678-9	scrypt:32768:8:1$qESHvX389HiFhAck$94e2cefab4293cdde67fbe9984fe4b25fb5c417a1d6c6ff648f9417a539d976d0aa1e388e026a6745c04a7a98d6c667bf0ec232cc724b1f33427e77059c4dd4b	1
35	13.000.007-K	scrypt:32768:8:1$GYRUr98ZIGOFVP7K$ce74531de08b7229b55ecd873990a36c6f93c6757d246e796409107fb9a4f4ad941451e5da7facc726f20735e31b12c9bbd573ae1391283bb50894ee0825617b	2
50	23.000.015-K	scrypt:32768:8:1$0txnF0UQCsiHe0zj$527c49936792b000ba958b71a850df0060e29ff2970ae3172de9fa6808058ea8879bb6e9466f3e244eef33dad614458dec3dadba7d2d641c12f16cff5a2400a1	3
51	13.000.015-K	scrypt:32768:8:1$VW58ldH7TMhYheM7$21acf8aa25d838d791c042fcfba810868e15e5eb486e0ddc2be6b9b4d82a7aec89b8c31bb7d0a117f4d72543f77140d1090c8d2fce37eb602fe075303ba04b96	2
52	24.000.001-K	scrypt:32768:8:1$dsK1rT5P57R526cE$547258f2a4169c59189bde957a6a2e85f629d24d4a45f46251be05ec6532c5de50ecaeaba5cb2aa2c83265c82d3f2c04957af06921c37612bb9b96bf5f688310	3
53	14.000.001-K	scrypt:32768:8:1$egcdmwqy5iW90Zdu$570c120e72d779fd25342b6a2baaf1b001150c4cfa41cf4492fa54119c91b542920e31610090f095c5a43cfd96f32cf984aa696a12f740f28b19525b0d731f62	2
54	24.000.002-K	scrypt:32768:8:1$guO3sue6YpDvgWpD$a3031f5fc8e12486d153d26263d91683671f716a2dbb1bd0bfed85595b914aea6d5a6e529b7f923f11d6813def163343408e7b4ec8909695381ce1016b4151b1	3
55	14.000.002-K	scrypt:32768:8:1$NeQrlsCUYM8Rurqa$d41d0a0f5c43eb9fe7b12a6fc79b9ecebf529136fe0ab7b4735bd002f1d58872d97cbd1f8f4bf785799cce4c172a0d4e7a96ded9202894988d56ebfa489e9869	2
56	24.000.003-K	scrypt:32768:8:1$cXYf9kcpi791w5YD$bd9f26b0704b0165c02bab5fd1b8469e508ab6cf05203c66409544aa2925c6306da4e72d737e8fd8dc2a4484470cbe1ca098c26068e3cd665684eb7b85cdb957	3
57	14.000.003-K	scrypt:32768:8:1$kwxA5G9GvPu1epXc$7f669446aa8ed6e19998b896d442f118dd6ee44fbd09225db3a5513d53e25a72288879a7fb6dda4291a5a30d9b5b63df476d26a03cb589a0d5c8a6f4533b6a0f	2
58	24.000.004-K	scrypt:32768:8:1$x2ev3NwWx8sK6mYW$3212076fbd955157f044d160f80657e843ea9a1e3b5b2aaa3b5c49023cae770ca5e1b10e631c49558fd610e39e964b844736222ca7b8d8f9afc69ba3e60720ff	3
59	14.000.004-K	scrypt:32768:8:1$m6vq3FKCuykcmhH4$2c08c55f33bb677d9d48160405fb4c8dde1c680c55a940c820928b5ec1d9be3e49eadb523fac78918462806e1bb52710a642975286e23300bc4529f8315568e4	2
60	24.000.005-K	scrypt:32768:8:1$OrA56N59ljO3jGf8$5e599420386b0aa2fae03f4c6453eb9559c16327a45ce5a397e63c076907de5871bb9f886a371d7de5740adfb19a557dc6177b9c0a9201cf0fbcfe94f38fd821	3
61	14.000.005-K	scrypt:32768:8:1$IlLoXEAqGcCsonCB$b83c813e56e93f38eb448121254b8388ab68b3971ce6f20da8b6b4b330468ea6655635628ccf8c3e7219419a5c8fb2654db935c31fa33b90d842453b89ab64b8	2
63	14.000.006-K	scrypt:32768:8:1$odzEkaK5vEqOCbUk$b587086cb9788be9943315e2b64763d17505d9e01f7cfcb0fbbefe849af4ab300bb754f9fab37024e0a2bf8bca5509888b1d731d6f9c88a125ffa70fec3c0627	2
64	24.000.007-K	scrypt:32768:8:1$DiKvfVIIxBqNYJpC$5db00318c849a40c02568471c9f025164d7ec92ad6a18fd48ed6c0227047bf77fa7d2c1b98e3e198f784c03dd02d2b23f4671397378be26720a4428ba4d0c7e3	3
65	14.000.007-K	scrypt:32768:8:1$rZS7fbAyCDklLmm7$d65dd19b732ab440459c3cb78e7ce56ff9d0b14ac3b46a95e5484aae91ec40ec60bec8b7ec76442682fe4c47366553815c80df595e36dc1829a577f7f3104e85	2
68	24.000.009-K	scrypt:32768:8:1$HLdRK7duRQJOItPD$e163dd4ded7e4ca72482d9dbf8b9706fe9092cb40facde26543850065be90b3147841329b69ae575ce927d85cc0e8f1ca56703f198bf0114863c46016ee3799a	3
69	14.000.009-K	scrypt:32768:8:1$jOOgZuj6nMEsib3p$699719f6f09881020a24bae6b44a1a6b5d6084108025b7a6b8e4bd860295066e976e6bc9ebf90b2bff5a642f72d7c97a0f62eb10a9ba43ae61bf23841506ecd7	2
70	24.000.010-K	scrypt:32768:8:1$NaFnB4mW7SaEgPdh$5ff9d74291ea6739a956d647b8d9ede761a06465c472356c9d3da98d2f8acc0876805db420bf1749be29c3fc9b2376bf3e5ee461cc725970e60c0c150b9ba161	3
71	14.000.010-K	scrypt:32768:8:1$Ug1leYp9UWwt0DFc$d046f6edf5f97eadcfa091079740529fa383028d29c203d72056170a0cea53da25e4b0ef699db75e92c8aa7c9b3ece93a81c25e7633cf7939df0ad14c7425d24	2
72	24.000.011-K	scrypt:32768:8:1$QdF2jXDRu5ac8jj2$847463d72283034cf56ef7cbdc05f133f6c1c074760963d13d70418099cbee44120c8d6345d36dc2e8ef53fd2b424198c5f8ee44cef5b7879c69cde7823ae3f0	3
73	14.000.011-K	scrypt:32768:8:1$944xkpSRonetXXmX$6d764ea1b98231cb7e7275cd7f80452dff5edf739737db9f10faba1eae058e53801fbc44e6c4ee7eaa30402406bf7b275b3172b2cb93499e12619f1917c3306e	2
74	24.000.012-K	scrypt:32768:8:1$0rxvSh7B8RIXrLlo$ea5b668a310caaab2f842813f3e1e3e5078184a67478b9442eb22829e466224b136c90503f8007b9f71703820119422929980611c9b4ff5658d93bf197d567e4	3
75	14.000.012-K	scrypt:32768:8:1$kvoxz8nBDU1NCV9Y$34731fc6aed45f03e7b6e0d69847fe6c3a1f002430a92c4cd2a8bf51985f21a5f69d119ac23f3eea96309cd557a301312e6e26889320078184480864cad31201	2
76	12.121314-0	scrypt:32768:8:1$hz98KF4TZCzYM0qO$55d7332e49cd02593b51fd0d507e4d6d73f63e49d02289e7b30b124e3ed178bc90b181d763012ad42f80a35f616d7e727ac62761f092565dbfb4274d656f1ab4	3
77	9.888.777-k	scrypt:32768:8:1$llNUvE45iYXctehm$568757f136542e6152c9ede6dd5615df93cc780a3201bf604e97d227209cb9bce41f1e8ddcab263b1281c27c45b4903ecbc14aeafb913f95175b116ed71dc03e	2
78	25.000.101-K	scrypt:32768:8:1$robgfxQjU1Hqk9Zo$d4375ccf95bab1e8ed1eae65e48ed1e2ec3d66e2587c9b93942dd8d36f1dac00b6e40531033399c59d938ee3dd6a22d58c25034ec5077708dafd36c04122241d	3
79	15.000.101-K	scrypt:32768:8:1$mZsPrHUGGI0zbgFj$d6b28f15169044fa0b3a4faa8835e3594c48310a46da0bdfa89d29244e0565b342c6e98fca8be49f64a5c0181fc2c05c9e3c8be7e35f71da20eb23b4b2ec2de5	2
80	25.000.102-K	scrypt:32768:8:1$8ZKp7xZy4L4IjJUd$c8de0a04b749af78c2418173da1cff24571907906f606d9d12dcea2c0c2d104e06b8baad8f48827e00866c7e95224d4ca252d0dfa5a99df33f4d9005c6e9300f	3
81	15.000.102-K	scrypt:32768:8:1$IHFsJl6TtVkHsrSC$bbdb24e3ac1dacbf8f081a2b526549e05525f3e34c68b3373caf4cac1a0438746f435eea2d3871f425adfe1cc8c06960b7d6bf876711396b6095a5381fdbbc7d	2
82	25.000.103-K	scrypt:32768:8:1$kpdPpZH3OTqRC1fs$e546687c2d7e278da6166441b6b129f7eb7e4fbc6d5af4203d2d01d575e054ade8ac9c2f29067c025f285f0d5d6015de50918f3f9e8731163bb9f1550ff249c4	3
83	15.000.103-K	scrypt:32768:8:1$qyASFBv3bh64v0Tm$34d68bd213e83d707608908be18c69c41519588cd382e07b0a0f36c9761c82a4c87fdbf8d177d5155cc231f10617a0562d82883d6e7ee0ca65dcee38821eccaf	2
84	25.000.104-K	scrypt:32768:8:1$85hfLB6Evs7mTayV$c1b11b916f93b2a21fe5165c6fb0c767f8a10dda3ef3cd6b866c8d544dc28a36f81293e997b53e16fc3a84afcd0993e3e4343c8eb14ae691986c9111b08f853a	3
85	15.000.104-K	scrypt:32768:8:1$MSQvGCWbGFiOqznA$1e2b240abc4771c4ec329e19bd1717aae2d091b1e0b3e935861d7bff9b6c2eacefac93866a599e382e23fcb08b6f18d81e38660ccf8845b039d0e2873b63b490	2
86	25.000.105-K	scrypt:32768:8:1$pCQfLQY9Ufd6lyzF$0afaf6ec8b3c3b2cdac4e52b852d72b5c8a2f8ced70733632a55c2d7560232299a6f8b309312741465ec8855aba13dcc0d2ffe6d22e8e5f329d2047050638af9	3
87	15.000.105-K	scrypt:32768:8:1$pI68nYcptTUUgyjc$1fea28388c31b2ff8563c534ac4bb7836775a4600705f4a7fa02d1e53a9918fe94e428838d14fd7e1f488d150da52722bea0d30c880d155087c8a44ed3c4c014	2
88	25.000.106-K	scrypt:32768:8:1$6RVEBGli2yjvwwdy$6e2bc49f8408f5684d427ecc8aa9e69168c2671e447b6787c26a7bd3323aad9973350f2790aeb3d1f66ef2617fafb36a82b828226bdd60a70ca67845bbd6db81	3
89	15.000.106-K	scrypt:32768:8:1$D2F3ecKIcYRcDxvM$5e7965ed5e62a91d4113b6b953b2a731ebe28acc4307e172bbd0a328299846897c9d45e0267ae25584c38e5c410e850011c32638882c369360574582e4bf5618	2
90	25.000.107-K	scrypt:32768:8:1$fll4TOH0i156T5AG$bf8bf655622a6ebc135ea19d0fe3d69cbbcdfe7c86aeed4e3e5155588dff34c0ee4c7a2332c34a5dfd429e148927d5b706692163d2231e9768dd1aa79dd1b17c	3
91	15.000.107-K	scrypt:32768:8:1$L3RQCftxpa0Vy2Cv$695bf9ccd0935de9461b83f1d8f4312e21d3b5d6eaf967103e3833210256f33dbb2b9d1181e03968b15bdd4229904ffcb423831abc3103b1bb846e2a17576b31	2
92	25.000.108-K	scrypt:32768:8:1$sw52gDcciKLsJB8n$c2df3ec8e23c58cadf715ed08242be3709f52534819ba845fecdb400b5b347bb535a46856d1d39ba21cb48e53667caf95c77d86fe753463ee2ed4991aeb466f3	3
93	15.000.108-K	scrypt:32768:8:1$wsZHlbmZ79d6yI8B$d2d791000cebd7f86c3a0ecdc1e5402b3436fd20a7a4952efb185c27a5c00fa76b2006206e067a95b2173c3c9e6e092b99975bcbaf1e88d8daa5d42f8580e4dc	2
94	25.000.109-K	scrypt:32768:8:1$aomnUREIAj69VbaM$f86d16cfa2024bf240b2709594d72cbbe8e219504626852da0d52e350911a73c788420cf5c0336601e45462824c9354769f8fa86f4de449cf634d52e97b5e838	3
95	15.000.109-K	scrypt:32768:8:1$YlXPRuqwTEGdALCc$3a8aa6f590c19c1b1786a0946442ca12c9dc766e26f3622c18b50e956b7b664d654495cd7f9dc4ea8dec641cbca69a2708dbc85470d55b5a344dc634b04644a5	2
96	25.000.110-K	scrypt:32768:8:1$BStENhJ69834Sh7j$e1b564d8560f7e4f72af6b0ef4aec4eefcde3f6028f7de34e61eec55a8cf54473460994c3b6abe62b675ab911fe9164776146b20549d92e6e641522c1ddb9bb1	3
97	15.000.110-K	scrypt:32768:8:1$LojdBUQkEm5zAvGP$5523a99c4707f61428cec98be45e5dffbf082f0f02356681b6d6327f1d1787700bba68944d7256ec68392a943d88f8b28d098f154f619a46ea8038ee38e0bade	2
98	25.000.111-K	scrypt:32768:8:1$29GqbEoU5OyKbcxS$734a34f61758ee85cae62e85825fffe755960a6d5820c58195c9b2a0b2adf8f838e8d6157904a95c1b90b84232218322119389745d6c77ac4c1ec3674ac48798	3
99	15.000.111-K	scrypt:32768:8:1$chjOLDGZCyz59mDH$107adf12f17f4b91f880110c8270ce1040983cf52956de1ee72dbfe49ed77e1544ae51d5c3da8ff36490bebf4179312763e5b866b61d973fbd5c9d6020ba5ded	2
100	25.000.112-K	scrypt:32768:8:1$lnjBCVODhpGIk4M7$89ee16c12d8d2a313d002a8b14d42d9fc796bb605b28157d98682465d136d65a5ed303eac2754c76197dbde8c3c6c14adc545c6d657a0bfd2d347e44a3d5dcec	3
101	15.000.112-K	scrypt:32768:8:1$Wh0N4df8UAcR3tkA$b7f896eeffd42d916b322f63c11618f10a208e9cebbf63c1c4e3a81cb3115eded9f0463ca189029029b2e3ed009ddeac60447b6e18ac938f95be1d36d1bd169b	2
102	25.000.113-K	scrypt:32768:8:1$DNq3rK42WpF7KFG6$db0f925b9aa1281e286e8f787124243f0b68c9913ea3c5c03351baedd157bbae4209e3e97cefbd8da59e8f9de5d0769ae6d164f9a73e2fd885e9c118ad638f12	3
103	15.000.113-K	scrypt:32768:8:1$uE3Fwzu0zxckhSv3$66766846238cfc018248ac4906520b1d4b455080279bf080d10c1e8c74e18a0c7525e61e94d757b34c6ea1c57c75418a18e4d2edbc5ad4bac962a5488e8fc4f8	2
104	25.000.114-K	scrypt:32768:8:1$DysSyMlNIkqVFahI$7a24c4f51f4e06b43f3252694ea63039e7c8327a2011ccc4d3be092249c415a7bd16bee508b9e6dff4be1040d551cecd7caa9a410b2307e3bf2f5b4d3a69044f	3
105	15.000.114-K	scrypt:32768:8:1$1pW4kxsLuRf9gLRU$4a4f7660ac96949cce431b962c34823728c64c2e5caaa18dfa7a20fe3af8f5d62602b291d9037a57351ae5e754d2a9347b4775fc31b85337a3c59631bb837b7d	2
106	25.000.115-K	scrypt:32768:8:1$PWpv45tTiI4rkt0k$0514d61ea80e5e410eade5fdaaeae2ce5d95729bc64d8ee2f8fba79fed0bbd41718106b789d07b0f7e0ede3bca709677fee720ab18bab2d781ecc7da20bd9c53	3
107	15.000.115-K	scrypt:32768:8:1$FmjjrbqBPw7yyLL3$a951a1c27c41341fc90ddd541c0c3b44e1ee95a573f22548b05401a56fb29cb262c57766a8dc73a76ae52cc35f1859a2e5d3095b62b6e3b4c3204cbfee004cef	2
108	25.000.116-K	scrypt:32768:8:1$ikhajtZLxoHl9cQ4$d48f6613f8314a9314b48db8eb801aa62e147bc80cb40c177f244a414593e5aa078cee231a18a88cc85fdf244374c97be8521051cb1e2506aedd41900e6cc076	3
109	15.000.116-K	scrypt:32768:8:1$KvRAPwZPyaWVtvtr$a408ee6387231a34c5b73dc6b0533e89f37ecaf42c04c12db078d654d9c9b6adcd138a3244ab43901c752dc373399c955f24242ae7d170c720e2e512288b65fa	2
110	25.000.117-K	scrypt:32768:8:1$rZyvTAlzO2rvFUYo$1ad4a1da7cc5b72c100f3b934c288908b50fa4a877223a3ee1a0e8e7e26ac9771b12c845e6ab49ee8fbf4db0c2f74a96e31f04511f5e9ba50188f60d7fc4b3b1	3
111	15.000.117-K	scrypt:32768:8:1$KOmm3DNnNcN3b3F1$bb92653b997ced06bb8ead4bdc5546c068bb2d2d01e63512a5a76b2ef698b09311f8a5c145314a5c9dd842f688a7739d416d85ab52f5017b91c87e628e743354	2
112	25.000.118-K	scrypt:32768:8:1$f6mw6xwW2PSaTWWA$c59083be5eca87984451360246a28e3adfce93fa61f023f0e18d30f480dcae02db9716e91553fd55e648fd4ccb432b15972daf0a3194470569a06706d4c512fd	3
113	15.000.118-K	scrypt:32768:8:1$5cxNGAxp1xCJXKBc$2ad72311348338d53baefb5bb8a6188d252c6fb82b9405dd84f2b4a5666493d6c430afab6d09ed43b461b294ef2bb1ce5ef69334b9b5b04b9f49ffae727ee7c2	2
114	25.000.119-K	scrypt:32768:8:1$2euILN79QCTjL4b8$07a93f611063e92fc306b333e4dfe9d1ec76eb72c1bef98fca3102ab3f7213fa0129751e617513eaa8ffefbc6bb982eda320ca00d1d813f52b048d619267050c	3
115	15.000.119-K	scrypt:32768:8:1$dNxfapXOmSvEA7V0$a6a79e0b2187ee6227678121bdb32c3a6977d55d8e00f1373914b09b3927f06bc7b60bb8a41d3b05c8a381d4cab5f409c9eb9823130bacc3345b7f9dbd606438	2
116	25.000.120-K	scrypt:32768:8:1$CQNDjdmC1bd5wlBm$9b4a7d7205077190c51cc2546876d228232d2a03d46483e1db425ddfb40d0589519f22d66b1e96938de39f445d91a20a89adec09f0ae3717788cd1c040e36612	3
117	15.000.120-K	scrypt:32768:8:1$iMJoYpFbcPEU7LGi$d7709493490738c65e9e6b2327b272f0e9e666576bf092e286231801d92fd98ede8e4d7991695233a37e5ce2f9d536506878aafd1064bad8656ee1fdfa11554f	2
118	25.000.121-K	scrypt:32768:8:1$5izjxZ0i9XruS8M0$731c19a8c7c8d525caefa9c99caee33abb95b0b5b5d297b4f81ea5414abe19494d75fe036306a94b25055697a69724067021efcb0e8a2a2bbf2d9ac8975a842a	3
119	15.000.121-K	scrypt:32768:8:1$csYn2VGbXNVkKcKj$ae11488cd70d8d120516a48fb292560e69c8d8b1fbab5300119b4edc8f4266e4bc7bc142fcef5bf2f7f55bbbfd1d909512f2bb454603af07610a7689f8fa216b	2
120	25.000.122-K	scrypt:32768:8:1$i3mYYEgYI0BPLeKU$403c41f0f060fceaab7cdb8a6433ecbede6a9e5ee5b1c0a652935780edff93cb78efa0e7cbf6f659edaf756972f22c77d186132ee3bba6d32eda78797372e384	3
121	15.000.122-K	scrypt:32768:8:1$1WKF6GA6UxzSisRp$8a5126c79cd315a6aad98afbf9df2dabe713c480037e840c3da0aff2390dfdb161fce3ce78da4732bfc45e945e3bf1a7168e25ea863d796fc0e219bbe6db449d	2
122	25.000.123-K	scrypt:32768:8:1$7B96AybJpQR4Kzwh$d71bab86ca06c974b366ce6bdbb7dfbc0a770a7097afe1ef838f6cb13a31aecb3702cd900b18dd63b07acf0edbdac2b549e642bf691860e123d596f5b9ac6cbc	3
123	15.000.123-K	scrypt:32768:8:1$pEzq617k0DykhRft$19359ea1f54b9fa3d08447c14d33171f3572672187ef384daec97b5ce834552a56895d99bfab9449cf63115fa0d4087392cdf9c17d3472457ff0b9c7389ffffd	2
124	25.000.124-K	scrypt:32768:8:1$vmljViONGW6IihAM$f84ce77a41e4d9455430d812a362e5e932443ee157389677ce262d87ae3ce03aa5a3c6ed2930171937c3e7a4fb12b28ee864e4ec746fad41a14591ab7a6cdcfb	3
125	15.000.124-K	scrypt:32768:8:1$EnpEks57LmmgpyA9$1805b3c8fe976a492232245568f50fdaea936be6821df67ea984db550f5610bf46d965396132af28a632941465700e0d3119f3627d792ca8b8a990505ef12942	2
126	25.000.125-K	scrypt:32768:8:1$uSct5YPvBtq165lm$5c9bdf21e9e55add3aa2ed72ca67dffc66e1e08a3d1da17191005eb0384ba74b86e2febb981e0bc564e9dc13bf212d84e06e9354b8a10a85d0ab1c6569926c4a	3
127	15.000.125-K	scrypt:32768:8:1$y3o3I4wx9JpSTmpo$ab77fde6ed0d7e6324db3cb759c4550ff760b2426ee63fca7267702d89474cb373f63a05d80a378b0df08a560e855aaebf36d658681938590678b1981fa90571	2
128	25.000.126-K	scrypt:32768:8:1$QFOMqUi7JKrN7B5o$d8f56b0fe24e72167829b62ed78482a0aabb282f78228b8f349479864c0913444b149b11888a13b0fd4e2d83d0e9c04caaad16dffc3c3e61edd0d326eaa3dae4	3
129	15.000.126-K	scrypt:32768:8:1$lvsgm0lR7yBtQ8wm$a284cf48e7e10754a475f74bf2a6eb2db43408e4a39d3f3350fd40b869e5d3ac09525996d1a0b59ce642ec83f4b0bf738d506173c4c85a97302c40c336ff695d	2
130	25.000.127-K	scrypt:32768:8:1$Hcoov6dJB0lMOMm7$a5471181e628094a28d027d266a710528256e2a3c372fef9d9aa041f981378959fc88834f523aaad933d8ba966940c6c935f6f72a4d73dbee02d4afe4a7edcd6	3
131	15.000.127-K	scrypt:32768:8:1$4lHU35q6TBcgPlOU$86ca9aab83f29626859ae869df1184859b88a43115c6adfe62e1544bd4c590c9901afeaa87dbff6464277f6c6b0d781dae2cfc275703a56fe7c1a82295d1c524	2
132	25.000.128-K	scrypt:32768:8:1$aaOGGMuEtR1qE1GJ$35f623e64726ad617a598b3ec3b1851e7c7335865f8ca1ceac58a5133309fb67f29b77da05ffb290ee29dac29a1de669aec65199a1b0ae25ee277e27ee771380	3
133	15.000.128-K	scrypt:32768:8:1$fnyeaFEF8MLN87TU$5fe7c977ef5e78c2e445c946e4fb03e684d50e15a3b30a2651493c39cc78b37b1199b3589eff1c33de609a9543c32572ade18403f3e0c93a9f6cc57fc7050b32	2
134	25.000.129-K	scrypt:32768:8:1$uDr1qmZpx0I64Few$2c6e6ff94b92bbbed138e767e17f5109857c21d10a698decf59480d1021939d539b089bb52da99d91d681f61a6b658f51722f689ae51223f1ece743c34fa85a9	3
135	15.000.129-K	scrypt:32768:8:1$KB4fpQODyJMuYWoi$647a90df8801612c4338d0a57624c5b048d4b84fcfc71a3abf0100d7846b90f0f537a27fd6cb7bfbd4b58866173e20ae8a724723a0de910bf6791240b6ad7a73	2
136	25.000.130-K	scrypt:32768:8:1$HptK9pKZyePGtrPZ$c2709f1bf9076a7da9734259fdbd4db2e65fa9fd488206ffdf59827e98b27b1b2d2c19ebd638cd2c550c100b574c6a55bbda7b8431c52f912a84472a24ce5841	3
137	15.000.130-K	scrypt:32768:8:1$UhDnkvrZ8NIbyOWo$4a6a1833d6e0e2516e6b9be053d1de41d087d9f05b4ef8fb5cfed77ddfbe34536b69d86f08399ff9d2806d3c517e25e671e2e500a2f1c63590720ffa7f62b66e	2
138	25.000.131-K	scrypt:32768:8:1$OHoyUi3BgFAUEZqN$0dd4a8544c88637081f249fd4e2fa4c19fb2625663b1c125bede30d7de9507deedcc31da347ee93d9cb032d6d99217771ea26ad18cd636eda89885d7a28c9064	3
139	15.000.131-K	scrypt:32768:8:1$dCsupNFouA7wVTIk$faf45b01317bcf150364ad2efc441690ae6ef642aaf7d62b03a1d1b314c7adba7ade80bb478f65f374ad82fbc76b6e690ae124837dca4cde3b7d7d240f9bdc32	2
140	25.000.132-K	scrypt:32768:8:1$03F8AGRPGBE9fDsV$82324c43beaa2ee7a7263ff6262aacdd13454789098abe4014000da3ed58eab24979eacca75332bcd649b95f1c9fcc2a0690d12bfe02762d6b6dec4e749ed231	3
141	15.000.132-K	scrypt:32768:8:1$zks1hRW3FDSBCvgs$4814f1a9bc13e18b98d509acb0408b85dcc30b1c0fba48f4ce547e03cb897c1887efc2000484b23b0bf361b619b7b17b9810ae27b221f864fa441a1157deee4c	2
142	25.000.133-K	scrypt:32768:8:1$5i7Aa31INXRfadkp$22d43c9a39f8492cbc1b68d4bcc56e1e17f4cdbe5f7e0eda4ea4f67560e04791e09c60009a2504a01d19023a13af8ba45e37087aa4575f52384e1edac85aacbe	3
143	15.000.133-K	scrypt:32768:8:1$9T4UtyJNwrFjWGDb$29fa1bfc142d98fb7f0e354d8f61e0c69d808a3a07a9c85806c56b8f77b068e76291811f2e3bd592512a26b7596004cf75935d4804f17786348d28988594430f	2
144	25.000.134-K	scrypt:32768:8:1$LXSG4iQlnxBQIUwD$f7df5918470afbe47eb15d43de77fc59bc77874ebb4120d3c43005ca014fd383ec43341cd53f103ada87e02893c99cfa9f0809c25447bdd182e6a985f9ea2aa2	3
145	15.000.134-K	scrypt:32768:8:1$bfkrWx6oaP5eB7Du$3cb5e924489c1c479824c6b98e27b04487e5b1e7820da11ebdef1be8802284077581711dda15818b46949ade7b5ffc075cfc3ab1b77a7f7cc07f3d4cdfc84eee	2
146	25.000.135-K	scrypt:32768:8:1$i0oxdO31pmb8B1fj$d4adaf2a511ad821c45ab486bcb356616a57c4c30a5530175f7c19799359b17b3a8431fb2801d11365bb7e63a80977bf73f827e344078535690661084b4e1e86	3
147	15.000.135-K	scrypt:32768:8:1$d41KLB4eXtoA2eXG$c643dda270d34d0e1f3e78f39d894a81400e6979ba9073945351eba644e86192f31b3e019c4ab1f9c67e1a9162235e0b8244e26ff786aa6fdb9334957b1154e6	2
148	25.000.136-K	scrypt:32768:8:1$lltA53reRcVj3g3A$7472f9e86698e642d1ac9a6a994d66978a789fc27cae33fb941d8e65231f400f96f280bd7d3f9f0e5944b18d24da4b76fa74d24274fc01d04fb386b5a333677d	3
149	15.000.136-K	scrypt:32768:8:1$eX8FnC9athPgC2oR$4a7d8a75e08cd30c0cc5e189dd8efa1a28481c2cc19ae649d6b7bcbd7b40208f6973c2fe0b3a8f0ecf336edbb11dd14f2069c729f0f4ea1eacbafbf9637c6237	2
150	25.000.137-K	scrypt:32768:8:1$MyVGNB5rIZp5nGb1$2eda7d5d8317ff5a5c1c08ee4a8e06a24cd15128669bffbce1f3a68f1e73e73ddca96c0b5777d1f9e38975779ca7707fec7f27124e5fc73595dee5d016e7ed49	3
151	15.000.137-K	scrypt:32768:8:1$uxEQlGSCOF5Shavs$91875a31e04b0f1fc7053c47976fd96c264781a22fda3a912c95d78a153b70ade844ead65e5edc193a0ce996b630b0b8c1a030613e26534721a8702886a347bf	2
152	25.000.138-K	scrypt:32768:8:1$sJ3Vzgi5akHk5iYX$a52df55d7a226ee76b381b9e2415237d5d746303002bb9e0993fc82627a4e36489f337f107f5ec685c6ed7284903979c29ff19ed7bbeadab31a79bd433061004	3
153	15.000.138-K	scrypt:32768:8:1$ysB0RitKwDbrf0og$9801cdd3454dd09d76b5a7d857c26359e63b8e9b84ae1fda99a8d8e0e70590e499244b91e6d0971995c05dda3e942bcf484201af07b80422c86334766e0acc47	2
154	25.000.139-K	scrypt:32768:8:1$nvxxpwrTUuTi5g6l$e745b4b673bfdc9150258616f7bd9ddbf092a19365d31fb8279dcb72aea2d17e4c9f9e16ec9bdae7950ca5e737725596633d9453a27b4b540b404c12344521e3	3
155	15.000.139-K	scrypt:32768:8:1$NgGj1adoLog76plD$10f8beb931d0530065ea9c6c69cdcc7b1f605391c29526f7e7604b3c92d754a9bdf8112fec3dc59879fb6914d0196c3f768a05eea5eae2380cc31da5ea8beb32	2
156	25.000.140-K	scrypt:32768:8:1$zWVipWvyVXuScNBS$4cc7a59e79044e3f9b94c241b83c82ceb151b3ce7ae1477d4604c90bd6452df9b25792ab248f30b9619102cb7a0e91912886459d240408adc6a39ed13ee8133a	3
157	15.000.140-K	scrypt:32768:8:1$2dbbtmTSklTRZPsG$8a7f71e9e9aafebb5bc4351de30fa176cb2a14445581f58cc428e8ec10c808a451ee38b76b7d86c67c03bbb0dcf2c9af627ead6eb7f54b1932f4191120499767	2
158	25.000.141-K	scrypt:32768:8:1$m80O8s5Jvk9MfSj4$0c2b259bbfed293742d1eaaa885e616e74d59bda7dae89914ad9515d5df7db1aaefbd78e226bbb29cd0a753b4192c9540ca47dc2df269706aa4d43d2d828e4f9	3
159	15.000.141-K	scrypt:32768:8:1$huFkHuH4VSUm7cce$e51e9ffc937d90fe401056e857376bd2bc433c054aec188835f01741c1a3501fe956586e910c94455f712a60a78eae9993c41ac728ece70553633743070e835e	2
160	25.000.142-K	scrypt:32768:8:1$9luS7EHVZHJbxAtC$2357a2b8ba0d8be541ece7eb6cda6c862d65a209e852171ca8be30ce55658c915526208a8eb002843b3d683c8433968d034dd15b2702656f93e7a3b5a0069f5f	3
161	15.000.142-K	scrypt:32768:8:1$nllzd7W517Uf9TbL$9affa96ec7a3779d8faca6aa175366dbc3fa428c27492c2092de569ed8ef72e0b08b345b7363dc442e2bc60962eeea7c19a5bc98138e741debb4f5b39ca05e28	2
162	25.000.143-K	scrypt:32768:8:1$Q12OuDEK6MLUM0bO$107991d9fae6a9eaaf0e6ce00a78adc39908d237a1f9fdde7b66ee67c3a83483724218114bec8456a8198ac70c1ee5751cc4c7ac48b36d656735c119f04f4e75	3
163	15.000.143-K	scrypt:32768:8:1$g9qHpCeMF6m8nPQc$74d4e3abe17734584674ed083962cc761f66042a696fd97a46e543112892cfe7cbd424f6e3994717f6264f9e1ee0cf2efed182d6f3fffb0b0c1b523f8caa8c39	2
164	25.000.144-K	scrypt:32768:8:1$pv2xxtISaOSwqYgO$8988df3487a830786ac2fb5461b2cbb407c02ad337fa5b453e060647ac6fb430a036f807d816a6a72eaf491be82ab471fc152fd61e34ed4c50ef43613847f3e4	3
165	15.000.144-K	scrypt:32768:8:1$N1GZxdnhMVVSSZ9e$f848c4112250487e668960e0fac3a71c88c19df3dee0eac79e69ba96d7a8ee6062e58e39a60ac9a2a630eddd0d2e44deeb5c2e26a23bef5e0e8cc41ae3ef0a7d	2
166	25.000.145-K	scrypt:32768:8:1$HDfacg6JoUdnvn0k$daa9b5e9ab3e432adfb6cb15353a1c01c58edea4ba1e295a7cc96c1fa68bcdeba35d00420bc047fe69dd44d826a693020f8ca0a53e634a733fc11c8c30b2a718	3
167	15.000.145-K	scrypt:32768:8:1$6k28cj0ns13HaxLU$d370d0319c6756d222ec9c82eeeb98825f5a8070da6141b7aeac132e386e03cd77238e766ea3b921c9983e474340e1ea5f618d33c6d05994dfb97cc5e0eb79f9	2
169	15.000.146-K	scrypt:32768:8:1$fBK7cdcGs893iCSJ$6032e61df3eae193883969d460456f25af1ec348a9462d3d31bf867515952cff02751bf6e2137d02aaa846058e194bb6745af2c1423d8bd5afe397e04980decd	2
170	25.000.147-K	scrypt:32768:8:1$pow1q2gbeQ9QDW3g$4590a6e840317717c301e3c9a4ad6472903e70ec4fabad69fb4da3891c9efebde7a7a028a802fd8c86add0ff92b885098d239a0b5dfaec6a93e3a6132c783b66	3
171	15.000.147-K	scrypt:32768:8:1$C9ZarmSsJVTMZUkU$f3529cc597010fbf761528d44cc07de7cd400a020c6f1265f2c5f82de7649d2474824d1c85292a8594e007815a6bf6e8f3b05ed65fd917617de9fdee02130a77	2
172	25.000.148-K	scrypt:32768:8:1$yr9qP3mP5zlffEIl$eed212c5d297cc04b5d0f6e919d612d0d21fe64500cc3897809847d6634a761a197ba934a44a676051d026e589ba3b1e1b6b8537c98b2fb8fc280601d131db46	3
173	15.000.148-K	scrypt:32768:8:1$JaQKUwrCmQBXLkyj$813aeaff78bd6ced0b171287f6f4cbf78ba36c357ed969e7952598f680c00324a0f7ed9e47526e4930c7009a04ba481d1919737b461bcf4ec61938a25c269edc	2
174	25.000.149-K	scrypt:32768:8:1$wufr3R7WHgyTkRGd$610492f6e22fd691bf8c0730806eb70e08a5a17282fb03f831ce16bc48a1fc2bd87fa758a6bd150ec3878160931f94a8bd2a4b1649e507ad48609e339e2c3727	3
175	15.000.149-K	scrypt:32768:8:1$PR7C1wkoargOb2Rj$6d5f4e5a636592e2df2a613b6e40314c701f58c5c8577ed9eb27d302c112648b603c2e3c14195b83b2c47b20602b0c1ce66e91573b13f26aa6e33f9203fe004c	2
176	25.000.150-K	scrypt:32768:8:1$PFBYRh5n3E2sePTu$335e6fd2a2f3a78d088998a690e65fdf5007c8c7012ef03673e5f723ee9939e7d51fc865acf220456d569a642eb53206bbf99cb7ef2ef3e136d209a9db3a4dd5	3
177	15.000.150-K	scrypt:32768:8:1$U0mBe9133Ivt2R3Q$1232dcd264ed99fff4e3c817ddc7c6a4cff93235e8fd9a4aa54469015d22f57519781bd7c50a95482e82e4b04b13fc8b03e1abb172550758da18fc3dc883237c	2
178	25.000.151-K	scrypt:32768:8:1$6D4fA2ugWxSnlOeK$5f02c568363ed61fa3fa3179363daab7112b9772684bea08c14bbe83fd877e1b35dca7afd6bad3b43837c634f0ed93bfa840d27ead12c39fc34aba39e18f6b5c	3
179	15.000.151-K	scrypt:32768:8:1$NHk5ttiPCy65496G$a6f6947c1bb4e4fd7c341558c095338b597d5c71955eb136ad52efb585e4190577e57ca215f4cc810dbc35524ecc0eab88cb12c8e2bcb3252c106d1107ac57ab	2
180	25.000.152-K	scrypt:32768:8:1$Cy305AeCVYVwBeS7$b7aa0b3477a57224c3cdffc80d94289bcd49bb1301dea5f2ef1d80cb777ccacfce1e46066cc16b3b1de703469f1633ed1a90f1f748a9b5a683f3a3e6ac84e5b6	3
181	15.000.152-K	scrypt:32768:8:1$M9WDn4hbcMenpCLa$467c9addb4eb8e35e634c361be1717b113693d2fc7e16c8787f68e02b6a057f1e28c67678b1d24bf099f70b02b9b141cddae5e6f8a0b43d15300452e4412ed53	2
182	25.000.153-K	scrypt:32768:8:1$xF2h5mcALhKRjfHA$a39f3937a14d6d5f11df10bf20c01e09c185d254b2f062fa058cfb60d2b575dcf53ebc65927bcfc2bef4bea24194054e1106ddcf6b511187c76ee5237a2d6a0c	3
183	15.000.153-K	scrypt:32768:8:1$psPRaqbJpdL9B9bK$a13c0c7eff7ed25be5d9bdba3180c538c0252b069a280d37ce80c938a6d8d5e901f79f75c31e74823b86266417777715af2e0d90cd745276bd88deeea001a51c	2
184	25.000.154-K	scrypt:32768:8:1$K6V1qHgof69gOQEa$76c9e5123c53664fcd3e6f61e869035c3ba4d870f75fd73fe802a2bbda05197d3bdda084e99c447babef943d29918757d2fe7ab3315bf5a42f2e4e6d1bb65f04	3
185	15.000.154-K	scrypt:32768:8:1$6NOCW1jKMIX7tPIH$aced61ccb326916ed5c80d8769f5f9bafbb0f08f35abdc55f1391b01c48bcc435a040e8303b9abfa6b61c7b99284671cffb9a4485233ddda5cea5e2041ab93f3	2
186	25.000.155-K	scrypt:32768:8:1$xnVteiesasysUbHC$7c9959c35cd6ec4ba8a3db7c11acfe8414947172b51df0ac7ff3e758ffb0cd2bfca48d22d6c4e2a8e583697ee5b149e64d53219292165ee302cac9ca4aa46bd1	3
187	15.000.155-K	scrypt:32768:8:1$hTBxq3Y5GXQg2NWL$dfe94f6bf9bfbc35e4443e4cca1b0fd85a356ad8d750476daa5d88099c88b52b7ed2aa4de1b18861a6d6008ea68cfe84b8dc29284f94aed8b412844a2f35f5bf	2
188	25.000.156-K	scrypt:32768:8:1$YtjgSsHlA4tuE3m7$26077e23e98b7f3f337577fb303dac98150f7a9a9b0331065d46cb7a96a478329398ca23523fe20fd0833919d51b2549599f9b892b7b3aeb911f9b0dc6c923ee	3
189	15.000.156-K	scrypt:32768:8:1$DYbpP0QgNBowdCSx$b34616c000c69762f48d782c7df06e739600d07c1a6fc93559b5d6d9489bc73573fdb2d73722afeef00d42a576546aefa932cf23a857717219617811e202ed99	2
190	25.000.157-K	scrypt:32768:8:1$AHwPXAjKdruDyqR8$4bad0e21cdb0b9069cee4abd6c6ee5b53f324a186d4a74e4fa8fc2149186ebb7ff4ca0d3836ddf6c346ceb9252f64343c584fe970d725fe6553e446f713a261b	3
191	15.000.157-K	scrypt:32768:8:1$Q29cLi6iHdkzI7Ln$0650015b1d5f239f0bf4a07fbc444aca0aca882548360fe886820efe46ea757d9d1f02c98a2be0e4231e7540c33b1e34e9c29e159a4ab7d66a3e9120ce1eabc1	2
192	25.000.158-K	scrypt:32768:8:1$xJ4ZGAFDqCMt5qQ0$6dd45cbd3b679fa7e44c903553ebbe601446e5b3506af0c5d18e07a0f136e69bd0c5b9a201f754469a9293e6bdd2f466cbbe9a9e601dea809cbe69ade2c21c14	3
193	15.000.158-K	scrypt:32768:8:1$d3hvFAMnzY7pfX9k$b597329145022e5e2e5a1be440644fdf18b0097639f3be9c5087bfdb682c196835e8e523f4f65eb44eb204dd7151ad382723afda7271b229258c10f5abacfede	2
194	25.000.159-K	scrypt:32768:8:1$Au1lwaayLwze34J5$7f4a9e1397156a77d82594720b7e01ac614bc827cd536bc28f3690c6c6a0331808250f02bab64876243df086c21d3d659a0489afee894912242413e3d10b5e5f	3
195	15.000.159-K	scrypt:32768:8:1$TdUIBA4Sm8kcguYs$3084d5f068fc07becab8b1ea021cee5287e9b79b888dda88d9fdb778d5879729e867c734b0be3b54e751f0a52d7700289e653d666aefb5305af9c9713b4ab44b	2
196	25.000.160-K	scrypt:32768:8:1$J6Tx9K3vMGDQiTbj$3ce2c826b6fd397715bb1a2c1462c845412404ae76609fa81b7e10b14dba7759a305096cdc0365316121b553c29060c5c9d51d1fa158c28b1d477a5406b8996e	3
197	15.000.160-K	scrypt:32768:8:1$swW7PIOhTaJHjCWP$c559a51cf4a5353ec3dfbf04006bf3bf9466189aa26b4b09fccfdb4b09ddaeb308cd4c50d11cd067edb137ed04d8ebf85a98a96e53378f7bc3105d7471327760	2
198	25.000.161-K	scrypt:32768:8:1$f1SnvKddJ8j5W0NK$7b067a22a8dbe82dbcaae5776121fd34b8ca4da54849dd057b5c0699c55ab008a9fb39467ae1a88e3a6d4b799a72fd1431d9db54d71e0eeba3779031f643da59	3
199	15.000.161-K	scrypt:32768:8:1$7s2KK0saxeWC1jHq$4b3b5af1fa6cbdd745c2c44b5ac3a04a73e151dfa1316ef95b4a2f8c4d6a67f47238e9d8359b54763f8f647277548b6688ccdc4fb63e4ac0ffd89a540a8b86f3	2
200	25.000.162-K	scrypt:32768:8:1$SJajiE0TiBHbmeY2$9c4fef5d91b71d89952ab2eb044c3c95ae0a1a0697db1abadc024b9eb2cc9f311b47d5b331d0cd31e1368cd4db1925485ad1e269dfd23bd5e31aeaedffeef0b3	3
201	15.000.162-K	scrypt:32768:8:1$GF3sgtzThkWRXmOp$eec1e7988480d0043184885fe8fc90c0e913f1cb3319468446a29d41049e449811526c4b33362a4497d367a1f35d2c2276ba79226ce94d7b10af947c52695d9f	2
202	25.000.163-K	scrypt:32768:8:1$xqGbASDAvobX2yjR$00e4b4a24672423049b7c94dffe6951b15d688d01b4b3889834df1b683e55a1f7f75d7c62dc4bd2597e0b88398c893eb6bf34d57f28011006f8d7cd3bb583608	3
203	15.000.163-K	scrypt:32768:8:1$TYlT1IgFkB29ghaF$7bfda2872946938986766133cf75a1a3218bd782a729961638d7593c7908b0b0acfefc1176feffee8fefc4b553113b057316999069ae4ea7427e2f341bb0a0fe	2
204	25.000.164-K	scrypt:32768:8:1$EfuUtVu6Vr2XpdDO$7bdbebfaf949d1611c60cbf1d815409b54668a9e44b6075a2a7712401e112a5203940cdef0c88fb94d408c48fe4428aa4b091b7799095b138f23776db840eca1	3
205	15.000.164-K	scrypt:32768:8:1$4KKjS8IE5A8S4LyL$ac6d982fc7205566bfaeb87eb5a270a91fd0c0d9f924f6fb83c86700f124e8ca24a40d85a19afa63a21023750c376a57279b52209dc49b5b9cd02120ff9de73d	2
206	25.000.165-K	scrypt:32768:8:1$fsglDhxLnTiAQJOw$6905cde97fd219be8dda37a1807c433224a7a6b68fc7eb3cbca0234bd6cf4154c10353caa9d640eefaae403318ded79a8ed110483efaea4e2f1428e7eebdeff1	3
207	15.000.165-K	scrypt:32768:8:1$dY5licuV7NLi6Sgf$99bc7411f1d7887270d781d0669f9e6719f1a12a1ab5169914108b15073223174103a81fd9881eea0f2bc5ba3b618f6f907287df111b53a855da5b9ab075597f	2
208	25.000.166-K	scrypt:32768:8:1$U8Q5TZaLj2GFqM1c$eb16ae38d57d14a460036c5fcc23835979c6e89475ec3dedb2a41f402c29211eb55db56c514ffa57854bc47bd5afad16ec87b074fc5d5bdce472179e40d71c1a	3
209	15.000.166-K	scrypt:32768:8:1$tjiBClicbVTVLxQ9$bca1b0c14d13c3064714306098f3a7802090f348465fdbee37b5e286b44be5c54d2fbac0b623be4c6d44d1d38dc9b1e0fd3fb59c1502bc6679de122245a726c9	2
210	25.000.167-K	scrypt:32768:8:1$fVkj0hA3mAEsLd9n$baa2a0e9da995b3bb54391af347a866ec6819925c6fb8b1e7e03f1277cc3fca1d39d3e8cb0c58d9ca648dd8a62682f1d32100dd55ffcaf4ae373d047c2e39921	3
211	15.000.167-K	scrypt:32768:8:1$E93uY10qXO7eH356$70e2fe4488bcf6663d61f95b7152f216ad9b34007f3c5fa438c4846bbaf04405d57ae48fd96d17f0fe264e83bb50254aa699fa53fee596bec3a8c4473e43e225	2
212	25.000.168-K	scrypt:32768:8:1$oQs5SKzR4Dutn4Ic$b17208973ad98328e4fc62bd3f3f216c855f2c723040c5b32dcc498b59188bba97b16e4a657d34df68a428f5aa85ac4e963bef5daa387f3d7559be4f9371ab52	3
213	15.000.168-K	scrypt:32768:8:1$ATNeGKTaARfKnGc2$4f06ed4cd2e7ac31e84f431f95400f15cf3a94ae1c55ba3f0e763e6d6ad9f1a5ba8b2e227425676c1431254776cf3bd182a5a28b0c5d8f52545b05b9944accaa	2
214	25.000.169-K	scrypt:32768:8:1$DLF0MSTie98uODpn$54dbc90cb7f9ef8745d83c03e0955db6ae7188f57baf493aa4dc50174f2a3daab80b523b75e2f621a0d555327a263a34231bd0996edd50c7697c9b5f3dfc8730	3
215	15.000.169-K	scrypt:32768:8:1$1D6SE7yduc5yiV2p$141b7746f896237a82a50daa0efdeb8feaea6c8258a7d66f855ec38d652f93ec1941ce9074436c0726aa5b0101ae8bef85d0f117fc829d3c1dc4d28dec021f13	2
216	25.000.170-K	scrypt:32768:8:1$H269aGvtvqqaQnpa$6a111f3825db8d87d96bcc91bccd7bb2ecbb06c3706c9705bdcf78136a58913815535304d1c6e2d03b68a3c195c9baca791f082c34d06390bea84c9f44c62bc3	3
217	15.000.170-K	scrypt:32768:8:1$rAb4G8is1BRdp7Kp$7115c8803904f1b531696f216db446442421f1f8427a0caf2eaf2411665f3fc32c8e7a36750607bb6ea99592b4ad845e2da777cd25b23fa8a56892aaeca48d95	2
218	25.000.171-K	scrypt:32768:8:1$yOIxQfFXfE0cZznh$eb95d9d8d014d12f238850744a190b5c59c2fa3e05885baf44eedb214925ebb1e2e63510b449c80b4b4b29fe0d32be5e7d16c0fcb97e1ce09af42ffca7992375	3
219	15.000.171-K	scrypt:32768:8:1$JceroE2SLUeBtpUi$eb1932311214df05878a2370c349b0e7b6289699401a9a4a342a5cb261b2c551193d87bf42aeecde3514171d057e96b33a978ef290e700eb3f9e3384280fc698	2
220	25.000.172-K	scrypt:32768:8:1$2uDf2MuGkGiTjqth$457d2263ff92c977a762701a02817b91b560292f2f7b7301e7e1065bfa91700e93db4a3375038daaa9e34795a478d7bcbfe8978b6a76b956b3c9f561d72a34ef	3
221	15.000.172-K	scrypt:32768:8:1$NNfxZUtklbeJTwJ6$1e107c00b5f3f4578914128e5ffb097fbe75e96548f06a498cb40493bc67578e4142452fe4e837c3dd208367e689907bc32fcb90c553223da88239ef9c9e6ec4	2
222	25.000.173-K	scrypt:32768:8:1$kqNs5Ofo3vwM9byJ$1e0be0e60364d21b7e7385ff86b1dd7ca5bc01588743e1bdc39505154e72978933a29f9fe153ca86edc1dc72306565dd311b7f58e86ae1c6d36c70ed4899ac74	3
223	15.000.173-K	scrypt:32768:8:1$5nDX6xqPepWUa5Cr$1e705f953efa2f20a9013c533d2cc1684615fd5b3224dfa4ae21e1815fa7c743e523215e8851f439d2b39c79e9620afe0a465d2e5df76a1f74620c5abc62d2a3	2
224	25.000.174-K	scrypt:32768:8:1$ASDvQnC7FlCwdKby$5550b2f62978a623e5b24abcc680d319f234d85a5cb283082700c3e7c1e3f8a251905201bdf6ae7b7b81bc8f5256d150b483b7565a8d794f90ef97021f1d4fcf	3
225	15.000.174-K	scrypt:32768:8:1$O1fqCohewaBFaZLd$88dd49f8fb8e48c37d935b1fb9c553d3b9e5092ac43f5cc9fae1a6630d62ee0dde4d99b57a9bc82abf1348eda5cf49b162c5f7d9333c943f60dcb3e891f9e299	2
226	25.000.175-K	scrypt:32768:8:1$s2oaQ4HkJz8Z0Gl3$6053597f12f71f6f7723fdf92f42a84ea044602d2e7d47c6e8dfe702388cc973e6aac4dff29efdefdedf949f6565d1501c5624babec3baa5ebfe17e2e92a7092	3
227	15.000.175-K	scrypt:32768:8:1$ouZWYXASSTeJvqf9$5b90d12dcd8244d17e7a99dcc6cf67b297a8aff05b3cf1432a5b1a4bc3366e8a68866c9656269d5141f31e46b0d647fb7804a6ffe232bfdfeaa7e23d94a7b06c	2
228	25.000.176-K	scrypt:32768:8:1$q6bsYfdb8svOX9U2$034e68579c80bd0db61d672f0f212c0888fa8dd300fd6f58417d9c53a9cf52c8a6d1b7e5added6d636e71af381c13b4a29b49858ec36d9fe2bef0c42f04a50c3	3
229	15.000.176-K	scrypt:32768:8:1$7Bx58rowvoUjlrBH$c6ccc22a27ebff0525489fa2e7554566e0251bd7b16f085705c26196a36508080bb60456219929c109d68a7598e6c189dadf869f5b0760508e6d86fb1d6c855c	2
230	25.000.177-K	scrypt:32768:8:1$6ZlaC7BhUVOMxwmF$951c58e38e7ea0dd05b273de393bb256689d033b389bc558f921a3209d61ce5255a63af304bb6b9b1c37ee952ac3228a9e9370ce25d4858409978b3d0b8086ee	3
231	15.000.177-K	scrypt:32768:8:1$wsGlzXi1po8yJaAZ$bb2e2dd33f62ed6af2c0a74d5bac9db4007374885b5e585d81b95c4d24da0f4c983086e41ebfe4135b85018bb1d6f1b2e451ef979dbdc8bf655c2aeddf0df7d5	2
232	25.000.178-K	scrypt:32768:8:1$lEY6ueNYFBJsiRQt$f64957727d449ff1db9cff63cc6f1e810a897dcb933395fd7c793f43f3c3ab9089fddca122f1ac46fde8619ac6caaf671a82af9f25eff02da54ce0d360bb22ca	3
233	15.000.178-K	scrypt:32768:8:1$bApl2sioEeVdnDIx$8ecd9b0837940f33d4354d08c4e494fce8ac71b2a813d722fbac576776200dde42b9b3315265e07ce70f8338fb32ed4da5321cb1e750a5af28ae6bf2b67127b8	2
234	25.000.179-K	scrypt:32768:8:1$BCr7h9fSFSHJsnpF$20c8dc8ccbd89567e0a90d525b1aa1e2176f3fcb609138919430752810f7592d6c96fb61c1ca56e21edb0557bd8b017527552e5420dd7350a43d330a7df602af	3
235	15.000.179-K	scrypt:32768:8:1$avFRYKOTKoZ9eRFg$460818a0a98be1b4b44c9cb512514764a06880be09e7d803df2d5422eed604f348fc8871f459bce4c7dc025c73779a76a40f5a09e8809ff98331fbe4ea70a28d	2
236	25.000.180-K	scrypt:32768:8:1$DngQuDkk9K9deNM2$c60a8173dfbc660daadaa5e0c206627ed322dba4a01c7389278b6b4c1b244a9a769e97039f121334861a28f94b54b95e624923d49cf5a0724c3d202616c29eff	3
237	15.000.180-K	scrypt:32768:8:1$au1P4lhy6VqaeDbk$08e488b131b0a2c03ebaaba3640a9fcbeaf6ab7145dae5ce26baa37ba9a38f930d466f624ff15eccd5221c4b90994e3aa07d1885254b4253cf5e0fbade70f06a	2
238	25.000.181-K	scrypt:32768:8:1$aHPuw9gEHP8yznYK$26de955626fd2db1c8bb11465fdd9259646d022761f74efdc9d4a00af083af3593daf8e40dfd4c0e136728390407b6b69b85ba4857b0d7aef9d99a4e5bdcf97b	3
239	15.000.181-K	scrypt:32768:8:1$9h88KV0IIi3zXBtf$f77d4d958b17c94f64fe1736ccb01756417a1c1dc628d12ad97513839dd45fc1fc0a22f66d5c07bd5dcdba6ec44f90800ec03620f5f515f73c16a669aff2ea70	2
240	25.000.182-K	scrypt:32768:8:1$RwEDClKSa8OIGrf7$670904612c862e2b6fcb0c359c4e19beeb19e2db7b89d74d44704bf4fa2ef2746c902c04a0858145f46275b7f1aaec04fd9d63fa6d1fc51d63dc5638c3b84274	3
241	15.000.182-K	scrypt:32768:8:1$mrcxNvMN02trd7kQ$5bc059b00900d5f1c767bf31663afa4879d1b731f02709e0ab2e67d630e84f64ced378d0ea1cd83b0017b7cc13b8c23ddf143fd8e055293a9347b21d4ee39eff	2
242	25.000.183-K	scrypt:32768:8:1$MjmEDdCoYxkKU4E3$f85f1b215aba305ea819af465e3d6b130857027260678ccc45edaa2fe96c76718a78896493c16df34846589fb2e0f1fbe72de8b02409472f367ea147070dfa45	3
243	15.000.183-K	scrypt:32768:8:1$vQMgehU8OoDW6aHt$a44f02f241513670805e00c053a4f987b7cbdd4d2bae098f1af5437dbf2d4e6a9d8003dfb49fa59f57dd6058762544bbd8373966186a838dfdf5034a99a6372c	2
244	25.000.184-K	scrypt:32768:8:1$nRba5B29nce1X3cL$cbfb7adcfc21162be25ac6300f78bae4dbc09b943ca1bdcdecf65eb027fb9a8a7f82a960bb9292c6e4c67cce76ce5f1a0493c7647396e44883588ab36ab95f90	3
245	15.000.184-K	scrypt:32768:8:1$q5ioFCIuuCRYDxZQ$3d63fafcf80879cd68d0057303f9a44fb027e5f17c249f3f22a002f92741d800f01288bb46fda8597e83a856e37714681df788b79bfdf1c251c149b6d9635f52	2
246	25.000.185-K	scrypt:32768:8:1$py6JzKxyO3KbS8sj$e56f73d550f9204d97ea821821ce5a61f0356424c4a039abbdc22223eb9fe7ca2e1a0df76a7d5006b7cc204f6f4ccce0d621c046c080835c12e36a58d2227705	3
247	15.000.185-K	scrypt:32768:8:1$CTiSF2FNW1nhGhO1$07e4b3dcbad37b6102e73360a8ad697d8885c9134a367e534a4da1ed7de5d38f5fa647af6eb68300d152c5f59dceeee60060522eb5be88eb53bedf038bb2e8a0	2
248	25.000.186-K	scrypt:32768:8:1$sGEJthY16FxozvBt$68996f3391bbaa5d9be731bcf09b6ccf07eb776fb8cf1580ab4242db337132db0bf60237b26e939a14a3f347beef58f0acc1dffa7fe3cd72a54228cf1f15ba81	3
249	15.000.186-K	scrypt:32768:8:1$QMlQISG4W45DSFB0$aeedcdd79d37248bb2215559934007ccc07585a110d04fb2ec186f87a60365fa5a766e207e02900d56567ff2bd62b74b3cf6fd910157887053b58d02de968934	2
250	25.000.187-K	scrypt:32768:8:1$OIZO5UZ0FlnvDNj2$54b849ccf9b7c129d5a5fc6a7754127f10d74d15ef5850a5ae820cdbb481e4751c3483f7144a12cd2c9d7647f48997eef690392fee1989b634c5fe87a9a1ad79	3
251	15.000.187-K	scrypt:32768:8:1$4HDfquubcn9jJjsw$37ffad239131248538f391be42c9f41bfb3bb9ace7b0ef4fbf7b63cc1de88629668b75e7f39c95d93c07d58efac670a2f9765264204f7bd388f6b614b90dd16f	2
252	25.000.188-K	scrypt:32768:8:1$jpfLj7FBSKrhztir$8ac14f2714b95224d4b499fe223b3688765bb0ea42956519614e93a1e8c3ea3152897d26f210ea35c2d9c1f17e7c56d1f4e92cda6a7d084a9fee4fe8ba9513f4	3
253	15.000.188-K	scrypt:32768:8:1$B7fKSNMb9GhBdNZ4$2e462ea8361470a25726f0186c826514b54bacfe999926dc0d0dbc1981b5d6f1f17be18db78e15e6c15be7774c0c73e9e65efbe78d0af29bba2d513527a1921d	2
254	25.000.189-K	scrypt:32768:8:1$UrBMhbCKmUNZYdOP$6331a3ee5b74076c9e5c58d13054c6ba2c1667ceef43f588751042bf93e26e070146a4fbec8962e0a3a3aeb216368d50783aa21e42a9675c63a0f4a376d03f76	3
255	15.000.189-K	scrypt:32768:8:1$sWGl3iqMQZalWI1n$1356ae9a66bd27806b0f37c55a6cd504ba35125868cf3a3e7a1fb7de3b80cdf7fc1f8df6f186128d34b8f688dd9927705a130c1fc1d214687f2348852c8ca67d	2
256	25.000.190-K	scrypt:32768:8:1$in75zUDpPg40vCmY$ce1dff1b3e947ea9d0e4bcceaebb18215058abc4afb8e243b92048387c79a7bda88f8d20f0f9313c242b8035c5102e8b24cb39de8c11b2d03a42b1b732979eac	3
257	15.000.190-K	scrypt:32768:8:1$5rYlwtFsEo2KasJ0$7fb6a0bfb82e79d7785900fb8ca57b608833dcc766de9169a11d5f4d5dcd9deff2b183cb021e86599eba41eb6469e785fea15245c4e99d6fccd16b059393ba3a	2
258	25.000.191-K	scrypt:32768:8:1$hhPN4qf7k5THsRQf$be976546bd4fe94209538b60c1dcd077e725c53234e09a75500baba629f9a477af019035d018e5da914f82c87c93a39a848a3a01904503274172973f1e6e3273	3
259	15.000.191-K	scrypt:32768:8:1$alJo18YlT62Hm5jW$b437da9696357bda9892bbb5beb624e109978387098aca802b2dfd892f919994ba57bf5ce0835304c673abc966afac7f6d2069241ac70faab963ee5c22f9ed85	2
260	25.000.192-K	scrypt:32768:8:1$HxRIx7qIOWN0WE34$454f7a48b19b4aaa92f4f67b49a612bf2145327bc65a82ca68a40ab63e9fb42a3fb258c670cb66f339cbac3f8e83e9d1b965505f01fea65a081d049d801b90fc	3
261	15.000.192-K	scrypt:32768:8:1$he6iiPg040MFgfs9$b293980bf5861be8fe95399d327ea42b92c6d90bc81ed2702c90a748812c535e1004d17bad2f2353a6c3b4db42cf4dbed31144380dc5d3bd049d5add88dd769a	2
262	25.000.193-K	scrypt:32768:8:1$AusFZOnGLdtasBwU$9ace67e23d9efd47427dcc04677c402e7f1aa9fd8943922147d040dbeada123912be953ff25a62583af59d100c1a2ec63abe58d0622931892c4b46c0782eae39	3
263	15.000.193-K	scrypt:32768:8:1$V0B052pu4xcbHM5k$9e336bdf22d168a0270622a295ec6af0d543f794b099a68fb6c7fc1e6337f0d0b2d8ec24c390f7ca9c0ee7259891d741ee907eeaa1f887648838406fdefaa0f7	2
264	25.000.194-K	scrypt:32768:8:1$DjE4Ud8rLm4siGuV$9c1fedca8353e4e8741e6ce452c3cce1fc0d525743b9fe32349974840a55193b9a664cbb092efec3af89014bc21096758c3f6f7325b90985791cf35d95adcfcb	3
265	15.000.194-K	scrypt:32768:8:1$pIli0q9UMwwdHWDF$e74cddda5e4a19fad5b3a20b2c2af50bf9751b89365cbc8f0d478351d085754dd0ef7ba7b8903a52e489b6c3664b1fda1713d964a0ea775efd45a80dcacab676	2
266	25.000.195-K	scrypt:32768:8:1$fMwKDKxbZ0SxRYdv$5b316d276c01ca04cf5f6e9350d01ed342d3975eba6dc0ccf6e2e8ba2a02421087bf174f18e4862b5cbb9b19e263f90d5107eef47e209c4493a138d51e758ecd	3
267	15.000.195-K	scrypt:32768:8:1$inZNjdsQLds37Q1I$cba8bfc26a7e5a80ad5beb66fa659d485bcb0adf854468770c8be69b31a57708b392badca3f26847ef826bdd550ce4566da352a9652960c9d6fc2ca799efd8bf	2
268	25.000.196-K	scrypt:32768:8:1$Cqsbl9TQPCeLJVRY$043fade251626f322d46e5985ba89e985a72f3c980db51b7b315fa949278f2bc73ce53a10e078771f4dd8c98c772a5eb04ddae158e0f81dd05d00805793e530f	3
269	15.000.196-K	scrypt:32768:8:1$8oq4XfpdOzcHljr2$5b485626dfc83ba23e858bcf7fff178a64ae3e4bbb05eddf26215e13ffb17c6e0fdb997e2ff00d83e150b36b1020348780d5ec94e8d25719b784ae954c06d690	2
270	25.000.197-K	scrypt:32768:8:1$CSH0PmZG5QtTA9gt$dea5b79437fa33a43a2d24597972da0b8733fa9f7d066cbe59f199cf7cbb015a2a86d05c5df5089224104bee684ff5d117f4598f4075e86ea3b1f64b91cb41ec	3
271	15.000.197-K	scrypt:32768:8:1$sUXOEfQjvnbjW8aS$cacd1a9b581e0c41dbfdeb69a2f28c595203f4a83159911ec30ee579b5f6b559752f5051242463126316c46e4b61f8935099a90d8ff344d9c2deace535de07a0	2
272	25.000.198-K	scrypt:32768:8:1$bI1B7Y3OuzOTv3M6$7d2e7380122e4e647ff3521bb4d17c95f67cbeeda8778b050f34b88c86d2b1d48c2bb36a49dc1e44ca45426f245d981b1b65b7b0f65fefadc67c39bb4cf79ebc	3
273	15.000.198-K	scrypt:32768:8:1$xzT8CVKvWe42Y279$596b07be166ac4ebe24f2a728833b25d7e0a61b2c269e322997a6829a3b1cd6018a87e00a2977f2df7bc10fa08fed44e855af4270646ef582e6b0b8f1b72a0d1	2
274	25.000.199-K	scrypt:32768:8:1$ENCFdrDbcBcXsUI4$f4646e73258dacc378fc671418ff89c359968c8f9af2082e0d67ca3d08a5c1f88324ef0191a4181bb73dc31ca2716a13f930bd2d247ddd6b1fe0268562bf2f70	3
275	15.000.199-K	scrypt:32768:8:1$F2W49j97BsveIQ12$38d9067abf342a49296a119a56c5a4845151434b4408981aa0393cf4fbe60fe53f6aab361bcb29158aae7a29a76e103205fa4d693ff82d1efd7561b501ee2dfa	2
276	25.000.200-K	scrypt:32768:8:1$zjpgY37rvyvYM2vg$d07085372343d484bce5768218699a52a0803519bfe9ecd71f120f6f037c36de55ff74cdbb33c1b1a673cb065ea47d40bc0fce58094b8d5e2017ab2f51fc4980	3
277	15.000.200-K	scrypt:32768:8:1$FjydeGiAgSdmboXX$51d0768990c5406105cf310670eac82dff4af18f6d941ab760c2c6209323958c0d9ea980e9bcb4170004bf794326f7d437f329816d4f20d7a86035962ee871a6	2
278	25.000.201-K	scrypt:32768:8:1$wkYTHPo4ZHA9tW76$61d0ee3784c51bfc9f4f34f6b7f77b91a53e16024def0e40cad0a26c622c4f68ceca61a9f16db65a875f9e5e225f29683f617f722037019712b8fcca6f50cd5a	3
279	15.000.201-K	scrypt:32768:8:1$jF1p5AySJ0gt5YIP$500d4e947d70506fefefdde5abd3ea0aeb14e04d50ce4f29843d4dce934296adfe5f8039459197c3e8f9e83a75d04e7ee6718e081366b1a6f47bf027c9c0cbbf	2
280	25.000.202-K	scrypt:32768:8:1$F9tzLrJnMAW8EdBE$7a2cf91489764b07a2cbd7ef71f62476e00e27c54d95c1fe3d11c7fde9e5230f537aa9d6a303d240022ba289a21c0a97645b9c2f7252187309f12d5365875374	3
281	15.000.202-K	scrypt:32768:8:1$3d3i3rdMoQGXZZtO$9298d3a1f89abc2e03add00fbb4d24b48d7fa94fce0fb8e3577e397bc7e272f7fbaf392c9c4fac19e9235291cb80165cd2fbd44c6852a40d3a1b9a8e986ae91f	2
282	25.000.203-K	scrypt:32768:8:1$LVkiSEQSdFHIot86$75de2eef56abd0f7f7f23452f1212708faf05a940053ec434fc1e448b924a88824018a144b4a987f95f3e3406f4058ace3155e0462ce873acfd78c92313f9cb8	3
283	15.000.203-K	scrypt:32768:8:1$EncyOc2wUM3Qc6Tj$366bfcd5bbb357c63fb3650432beb46e21606f5448d1bf2bf5019473e9c43c51c6edd3c85b4494405007558936eb2b7dfa8984b6c953463636fffa5efc381cb1	2
284	25.000.204-K	scrypt:32768:8:1$k9oHOpyFvi78gvo0$88b036e7b346c10fcbabbcb3a12e6e2ab0f54b81642e2fc098062e6fc12892f2d98467545979b76187c7b2476b21876bf81f2184b187d3f9ada13f1bb2de90b0	3
285	15.000.204-K	scrypt:32768:8:1$EnmPmwziH4eJNstd$bca6be9eb5dcba08cedcaa6ec8c9a61df3413a2e6f35f6c4d105f4d17a9cfa0b01898bfb5ab0652babe2e2a045479a5157714f44e698c545100d94045ac892ed	2
286	29.444.555-1	scrypt:32768:8:1$5oe5phkMZvYk2qme$2d74c24dcccd32c34824120bb3ef470cb0726d8a09cc8f3f64218f1529c78657c03645adcbe574680113858d38fe5d32efcdecb5ebb98a92e7e06ce3c1e38851	3
287	9.876.263-4	scrypt:32768:8:1$POfRhk5Wc98TX9sh$221fbe8265eaed40ee6ccc6b0ee63d8cdb14f208ffd5ac4b9c81071db27604f49b6e90b2b1f6c4279392b9930f990da25458335877f0be25707b616411fbc720	2
294	12.333.444-2	scrypt:32768:8:1$eMYQuj9KVPNrQMyN$180eeb1b0bc88cbc842627c69371534a778ece457d9be07ba37d7a981e24ce71ed250c89e45a85ab1043185c3d303d615b9b4360bd88eaadd3433e2d85c94cb4	1
299	12.333.555-k	scrypt:32768:8:1$0wUjaF52oEeLjzaA$4c5b19e7738ae5d6da3772da1379f87c9018d64de1cbf7c6fff0cb7972037e0a496a42f0a995576df51938e90892d0ec3ec88dcc811fa7649991b4c8f2467882	2
301	77.777.777-K	scrypt:32768:8:1$HyiLo8bToTCuWdXr$c5a7ceb6305e9dedd596ee68fe2e7eb6165881155e85ee5afe5ac07566118714ec8645fd387a1ea003c619549e47205ed6aa5cc39d4564ff9abdca0139a9e83d	1
\.


--
-- TOC entry 5003 (class 0 OID 16563)
-- Dependencies: 228
-- Data for Name: eventos_flujo_enero_2026; Type: TABLE DATA; Schema: asistencia_sgfse; Owner: postgres
--

COPY asistencia_sgfse.eventos_flujo_enero_2026 (id_evento, id_alumno, tipo_evento, fecha_hora) FROM stdin;
\.


--
-- TOC entry 5023 (class 0 OID 0)
-- Dependencies: 232
-- Name: Alumnos_id_alumno_seq; Type: SEQUENCE SET; Schema: asistencia_sgfse; Owner: MauricioMC
--

SELECT pg_catalog.setval('asistencia_sgfse."Alumnos_id_alumno_seq"', 145, true);


--
-- TOC entry 5024 (class 0 OID 0)
-- Dependencies: 238
-- Name: Asistencia_id_asistencia_seq; Type: SEQUENCE SET; Schema: asistencia_sgfse; Owner: MauricioMC
--

SELECT pg_catalog.setval('asistencia_sgfse."Asistencia_id_asistencia_seq"', 104, true);


--
-- TOC entry 5025 (class 0 OID 0)
-- Dependencies: 233
-- Name: Cursos_id_curso_seq; Type: SEQUENCE SET; Schema: asistencia_sgfse; Owner: MauricioMC
--

SELECT pg_catalog.setval('asistencia_sgfse."Cursos_id_curso_seq"', 18, true);


--
-- TOC entry 5026 (class 0 OID 0)
-- Dependencies: 236
-- Name: Estados_Asistencia_id_estado_seq; Type: SEQUENCE SET; Schema: asistencia_sgfse; Owner: MauricioMC
--

SELECT pg_catalog.setval('asistencia_sgfse."Estados_Asistencia_id_estado_seq"', 3, true);


--
-- TOC entry 5027 (class 0 OID 0)
-- Dependencies: 231
-- Name: Perfiles_id_perfil_seq; Type: SEQUENCE SET; Schema: asistencia_sgfse; Owner: MauricioMC
--

SELECT pg_catalog.setval('asistencia_sgfse."Perfiles_id_perfil_seq"', 298, true);


--
-- TOC entry 5028 (class 0 OID 0)
-- Dependencies: 234
-- Name: Relacion_Apoderado_id_relacion_seq; Type: SEQUENCE SET; Schema: asistencia_sgfse; Owner: postgres
--

SELECT pg_catalog.setval('asistencia_sgfse."Relacion_Apoderado_id_relacion_seq"', 138, true);


--
-- TOC entry 5029 (class 0 OID 0)
-- Dependencies: 230
-- Name: Roles_id_rol_seq; Type: SEQUENCE SET; Schema: asistencia_sgfse; Owner: MauricioMC
--

SELECT pg_catalog.setval('asistencia_sgfse."Roles_id_rol_seq"', 3, true);


--
-- TOC entry 5030 (class 0 OID 0)
-- Dependencies: 225
-- Name: Solicitud_Ayuda_id_solicitud_seq; Type: SEQUENCE SET; Schema: asistencia_sgfse; Owner: MauricioMC
--

SELECT pg_catalog.setval('asistencia_sgfse."Solicitud_Ayuda_id_solicitud_seq"', 6, true);


--
-- TOC entry 5031 (class 0 OID 0)
-- Dependencies: 229
-- Name: Usuarios_id_usuario_seq; Type: SEQUENCE SET; Schema: asistencia_sgfse; Owner: MauricioMC
--

SELECT pg_catalog.setval('asistencia_sgfse."Usuarios_id_usuario_seq"', 301, true);


--
-- TOC entry 4823 (class 2606 OID 16624)
-- Name: Alumnos Alumnos_pkey; Type: CONSTRAINT; Schema: asistencia_sgfse; Owner: MauricioMC
--

ALTER TABLE ONLY asistencia_sgfse."Alumnos"
    ADD CONSTRAINT "Alumnos_pkey" PRIMARY KEY (id_alumno);


--
-- TOC entry 4837 (class 2606 OID 16724)
-- Name: Asistencia Asistencia_pkey; Type: CONSTRAINT; Schema: asistencia_sgfse; Owner: MauricioMC
--

ALTER TABLE ONLY asistencia_sgfse."Asistencia"
    ADD CONSTRAINT "Asistencia_pkey" PRIMARY KEY (id_asistencia);


--
-- TOC entry 4815 (class 2606 OID 16645)
-- Name: Cursos Cursos_pkey; Type: CONSTRAINT; Schema: asistencia_sgfse; Owner: MauricioMC
--

ALTER TABLE ONLY asistencia_sgfse."Cursos"
    ADD CONSTRAINT "Cursos_pkey" PRIMARY KEY (id_curso);


--
-- TOC entry 4835 (class 2606 OID 16710)
-- Name: Estados_Asistencia Estados_Asistencia_pkey; Type: CONSTRAINT; Schema: asistencia_sgfse; Owner: MauricioMC
--

ALTER TABLE ONLY asistencia_sgfse."Estados_Asistencia"
    ADD CONSTRAINT "Estados_Asistencia_pkey" PRIMARY KEY (id_estado);


--
-- TOC entry 4829 (class 2606 OID 16557)
-- Name: Eventos_Flujo Eventos_Flujo_pkey; Type: CONSTRAINT; Schema: asistencia_sgfse; Owner: MauricioMC
--

ALTER TABLE ONLY asistencia_sgfse."Eventos_Flujo"
    ADD CONSTRAINT "Eventos_Flujo_pkey" PRIMARY KEY (id_evento, fecha_hora);


--
-- TOC entry 4821 (class 2606 OID 16611)
-- Name: Perfiles Perfiles_pkey; Type: CONSTRAINT; Schema: asistencia_sgfse; Owner: MauricioMC
--

ALTER TABLE ONLY asistencia_sgfse."Perfiles"
    ADD CONSTRAINT "Perfiles_pkey" PRIMARY KEY (id_perfil);


--
-- TOC entry 4833 (class 2606 OID 16691)
-- Name: Relacion_Apoderado Relacion_Apoderado_pkey; Type: CONSTRAINT; Schema: asistencia_sgfse; Owner: postgres
--

ALTER TABLE ONLY asistencia_sgfse."Relacion_Apoderado"
    ADD CONSTRAINT "Relacion_Apoderado_pkey" PRIMARY KEY (id_relacion);


--
-- TOC entry 4813 (class 2606 OID 16598)
-- Name: Roles Roles_pkey; Type: CONSTRAINT; Schema: asistencia_sgfse; Owner: MauricioMC
--

ALTER TABLE ONLY asistencia_sgfse."Roles"
    ADD CONSTRAINT "Roles_pkey" PRIMARY KEY (id_rol);


--
-- TOC entry 4827 (class 2606 OID 16534)
-- Name: Solicitud_Ayuda Solicitud_Ayuda_pkey; Type: CONSTRAINT; Schema: asistencia_sgfse; Owner: MauricioMC
--

ALTER TABLE ONLY asistencia_sgfse."Solicitud_Ayuda"
    ADD CONSTRAINT "Solicitud_Ayuda_pkey" PRIMARY KEY (id_solicitud);


--
-- TOC entry 4817 (class 2606 OID 16575)
-- Name: Usuarios Usuarios_pkey; Type: CONSTRAINT; Schema: asistencia_sgfse; Owner: MauricioMC
--

ALTER TABLE ONLY asistencia_sgfse."Usuarios"
    ADD CONSTRAINT "Usuarios_pkey" PRIMARY KEY (id_usuario);


--
-- TOC entry 4825 (class 2606 OID 16736)
-- Name: Alumnos alumnos_rut_unico; Type: CONSTRAINT; Schema: asistencia_sgfse; Owner: MauricioMC
--

ALTER TABLE ONLY asistencia_sgfse."Alumnos"
    ADD CONSTRAINT alumnos_rut_unico UNIQUE (rut);


--
-- TOC entry 4831 (class 2606 OID 16568)
-- Name: eventos_flujo_enero_2026 eventos_flujo_enero_2026_pkey; Type: CONSTRAINT; Schema: asistencia_sgfse; Owner: postgres
--

ALTER TABLE ONLY asistencia_sgfse.eventos_flujo_enero_2026
    ADD CONSTRAINT eventos_flujo_enero_2026_pkey PRIMARY KEY (id_evento, fecha_hora);


--
-- TOC entry 4819 (class 2606 OID 16738)
-- Name: Usuarios usuarios_rut_unique; Type: CONSTRAINT; Schema: asistencia_sgfse; Owner: MauricioMC
--

ALTER TABLE ONLY asistencia_sgfse."Usuarios"
    ADD CONSTRAINT usuarios_rut_unique UNIQUE (rut);


--
-- TOC entry 4838 (class 0 OID 0)
-- Name: eventos_flujo_enero_2026_pkey; Type: INDEX ATTACH; Schema: asistencia_sgfse; Owner: MauricioMC
--

ALTER INDEX asistencia_sgfse."Eventos_Flujo_pkey" ATTACH PARTITION asistencia_sgfse.eventos_flujo_enero_2026_pkey;


--
-- TOC entry 4847 (class 2606 OID 16725)
-- Name: Asistencia fk_alumno_asistencia; Type: FK CONSTRAINT; Schema: asistencia_sgfse; Owner: MauricioMC
--

ALTER TABLE ONLY asistencia_sgfse."Asistencia"
    ADD CONSTRAINT fk_alumno_asistencia FOREIGN KEY (id_alumno) REFERENCES asistencia_sgfse."Alumnos"(id_alumno);


--
-- TOC entry 4845 (class 2606 OID 16697)
-- Name: Relacion_Apoderado fk_alumno_relacion; Type: FK CONSTRAINT; Schema: asistencia_sgfse; Owner: postgres
--

ALTER TABLE ONLY asistencia_sgfse."Relacion_Apoderado"
    ADD CONSTRAINT fk_alumno_relacion FOREIGN KEY (id_alumno) REFERENCES asistencia_sgfse."Alumnos"(id_alumno);


--
-- TOC entry 4848 (class 2606 OID 16730)
-- Name: Asistencia fk_estado_asistencia; Type: FK CONSTRAINT; Schema: asistencia_sgfse; Owner: MauricioMC
--

ALTER TABLE ONLY asistencia_sgfse."Asistencia"
    ADD CONSTRAINT fk_estado_asistencia FOREIGN KEY (id_estado) REFERENCES asistencia_sgfse."Estados_Asistencia"(id_estado);


--
-- TOC entry 4844 (class 2606 OID 16631)
-- Name: Eventos_Flujo fk_id_alumno; Type: FK CONSTRAINT; Schema: asistencia_sgfse; Owner: MauricioMC
--

ALTER TABLE asistencia_sgfse."Eventos_Flujo"
    ADD CONSTRAINT fk_id_alumno FOREIGN KEY (id_alumno) REFERENCES asistencia_sgfse."Alumnos"(id_alumno);


--
-- TOC entry 4841 (class 2606 OID 16647)
-- Name: Alumnos fk_id_curso; Type: FK CONSTRAINT; Schema: asistencia_sgfse; Owner: MauricioMC
--

ALTER TABLE ONLY asistencia_sgfse."Alumnos"
    ADD CONSTRAINT fk_id_curso FOREIGN KEY (id_curso) REFERENCES asistencia_sgfse."Cursos"(id_curso);


--
-- TOC entry 4842 (class 2606 OID 16613)
-- Name: Alumnos fk_id_perfil; Type: FK CONSTRAINT; Schema: asistencia_sgfse; Owner: MauricioMC
--

ALTER TABLE ONLY asistencia_sgfse."Alumnos"
    ADD CONSTRAINT fk_id_perfil FOREIGN KEY (id_perfil) REFERENCES asistencia_sgfse."Perfiles"(id_perfil);


--
-- TOC entry 4839 (class 2606 OID 16600)
-- Name: Usuarios fk_id_rol; Type: FK CONSTRAINT; Schema: asistencia_sgfse; Owner: MauricioMC
--

ALTER TABLE ONLY asistencia_sgfse."Usuarios"
    ADD CONSTRAINT fk_id_rol FOREIGN KEY (id_rol) REFERENCES asistencia_sgfse."Roles"(id_rol);


--
-- TOC entry 4840 (class 2606 OID 16577)
-- Name: Perfiles fk_id_usuario; Type: FK CONSTRAINT; Schema: asistencia_sgfse; Owner: MauricioMC
--

ALTER TABLE ONLY asistencia_sgfse."Perfiles"
    ADD CONSTRAINT fk_id_usuario FOREIGN KEY (id_usuario) REFERENCES asistencia_sgfse."Usuarios"(id_usuario);


--
-- TOC entry 4843 (class 2606 OID 16587)
-- Name: Solicitud_Ayuda fk_solicitud_usuario; Type: FK CONSTRAINT; Schema: asistencia_sgfse; Owner: MauricioMC
--

ALTER TABLE ONLY asistencia_sgfse."Solicitud_Ayuda"
    ADD CONSTRAINT fk_solicitud_usuario FOREIGN KEY (id_usuario_apo) REFERENCES asistencia_sgfse."Usuarios"(id_usuario);


--
-- TOC entry 4846 (class 2606 OID 16692)
-- Name: Relacion_Apoderado fk_usuario_relacion; Type: FK CONSTRAINT; Schema: asistencia_sgfse; Owner: postgres
--

ALTER TABLE ONLY asistencia_sgfse."Relacion_Apoderado"
    ADD CONSTRAINT fk_usuario_relacion FOREIGN KEY (id_usuario) REFERENCES asistencia_sgfse."Usuarios"(id_usuario);


-- Completed on 2026-01-21 20:54:43

--
-- PostgreSQL database dump complete
--

\unrestrict 8MGdC1BtgmC7IgwxHDtRLFTKU6DXGUcAIga9caff3TyViFF2YicXpnRpkENx6Iq

